Date,2Y,3Y,5Y,7Y,10Y,20Y
1993-10-01,3.84,4.18,4.72,5.03,5.34,6.12
1993-10-08,3.78,4.09,4.61,4.96,5.26,6.02
1993-10-15,3.81,4.06,4.57,4.9,5.19,5.91
1993-10-22,3.91,4.23,4.76,5.15,5.42,6.13
1993-10-29,3.99,4.3,4.83,5.19,5.43,6.12
1993-11-05,4.2,4.53,5.11,5.5,5.75,6.4
1993-11-12,4.11,4.45,5.02,5.39,5.66,6.33
1993-11-19,4.22,4.58,5.16,5.54,5.84,6.5
1993-11-26,4.16,4.52,5.08,5.49,5.78,6.43
1993-12-03,4.24,4.59,5.16,5.52,5.8,6.39
1993-12-10,4.21,4.53,5.13,5.45,5.73,6.34
1993-12-17,4.2,4.54,5.17,5.52,5.81,6.44
1993-12-24,4.18,4.49,5.1,5.42,5.72,6.36
1993-12-31,4.25,4.58,5.21,5.53,5.83,6.48
1994-01-07,4.09,4.43,5.03,5.39,5.7,6.35
1994-01-14,4.17,4.51,5.12,5.46,5.78,6.41
1994-01-21,4.09,4.44,5.05,5.39,5.73,6.36
1994-01-28,4.08,4.4,4.99,5.3,5.68,6.27
1994-02-04,4.42,4.75,5.32,5.62,5.94,6.49
1994-02-11,4.44,4.8,5.34,5.66,5.88,6.5
1994-02-18,4.57,4.94,5.52,5.87,6.09,6.7
1994-02-25,4.72,5.08,5.65,6.0,6.21,6.8
1994-03-04,4.88,5.29,5.82,6.16,6.38,6.92
1994-03-11,4.95,5.34,5.89,6.25,6.46,6.99
1994-03-18,5.03,5.42,5.97,6.3,6.49,6.99
1994-03-25,5.1,5.52,6.08,6.42,6.61,7.1
1994-04-01,5.21,5.66,6.23,6.59,6.77,7.23
1994-04-08,5.43,5.91,6.46,6.79,6.94,7.4
1994-04-15,5.51,5.95,6.5,6.79,6.97,7.42
1994-04-22,5.62,6.04,6.53,6.73,6.93,7.34
1994-04-29,5.73,6.16,6.64,6.88,7.06,7.44
1994-05-06,6.12,6.5,6.95,7.19,7.35,7.67
1994-05-13,6.05,6.43,6.89,7.14,7.29,7.63
1994-05-20,5.8,6.14,6.59,6.82,7.02,7.44
1994-05-27,5.97,6.32,6.73,6.92,7.12,7.55
1994-06-03,5.84,6.19,6.59,6.78,6.98,7.39
1994-06-10,5.85,6.17,6.6,6.82,7.03,7.44
1994-06-17,5.88,6.24,6.71,6.93,7.14,7.58
1994-06-24,6.06,6.38,6.81,7.05,7.22,7.63
1994-07-01,6.19,6.53,6.95,7.19,7.34,7.74
1994-07-08,6.25,6.59,7.04,7.27,7.42,7.81
1994-07-15,6.04,6.41,6.84,7.06,7.25,7.64
1994-07-22,6.15,6.49,6.92,7.1,7.29,7.65
1994-07-29,5.99,6.33,6.73,6.92,7.12,7.46
1994-08-05,6.18,6.55,6.93,7.11,7.28,7.62
1994-08-12,6.22,6.57,6.94,7.12,7.27,7.66
1994-08-19,6.23,6.55,6.92,7.1,7.27,7.67
1994-08-26,6.21,6.48,6.87,7.07,7.24,7.65
1994-09-02,6.17,6.45,6.82,7.01,7.21,7.64
1994-09-09,6.35,6.66,7.06,7.26,7.44,7.88
1994-09-16,6.42,6.72,7.13,7.34,7.52,7.95
1994-09-23,6.52,6.83,7.2,7.4,7.57,7.95
1994-09-30,6.62,6.92,7.28,7.46,7.62,7.98
1994-10-07,6.65,6.97,7.34,7.54,7.7,8.07
1994-10-14,6.57,6.91,7.26,7.45,7.61,7.98
1994-10-21,6.8,7.11,7.46,7.63,7.81,8.12
1994-10-28,6.82,7.1,7.48,7.65,7.82,8.09
1994-11-04,7.05,7.37,7.72,7.88,8.04,8.3
1994-11-11,7.06,7.4,7.69,7.84,7.98,8.27
1994-11-18,7.23,7.52,7.79,7.91,8.01,8.26
1994-11-25,7.19,7.44,7.65,7.71,7.8,8.04
1994-12-02,7.44,7.59,7.71,7.77,7.81,8.01
1994-12-09,7.53,7.67,7.74,7.77,7.79,7.97
1994-12-16,7.59,7.71,7.76,7.8,7.81,7.98
1994-12-23,7.74,7.82,7.86,7.86,7.85,7.96
1994-12-30,7.69,7.8,7.83,7.84,7.84,8.02
1995-01-06,7.64,7.81,7.87,7.89,7.87,8.0
1995-01-13,7.39,7.55,7.64,7.71,7.69,7.93
1995-01-20,7.5,7.7,7.8,7.84,7.82,8.02
1995-01-27,7.29,7.46,7.6,7.63,7.66,7.83
1995-02-03,7.14,7.3,7.4,7.44,7.49,7.7
1995-02-10,7.33,7.47,7.55,7.61,7.62,7.81
1995-02-17,7.07,7.2,7.33,7.41,7.43,7.71
1995-02-24,6.89,7.0,7.16,7.3,7.33,7.66
1995-03-03,6.89,7.03,7.19,7.29,7.36,7.68
1995-03-10,6.83,6.94,7.07,7.15,7.23,7.57
1995-03-17,6.69,6.81,6.97,7.06,7.12,7.48
1995-03-24,6.64,6.75,6.93,7.04,7.09,7.5
1995-03-31,6.8,6.92,7.08,7.17,7.2,7.54
1995-04-07,6.65,6.76,6.93,7.03,7.11,7.5
1995-04-14,6.51,6.64,6.82,6.91,7.03,7.42
1995-04-21,6.44,6.55,6.77,6.87,7.01,7.42
1995-04-28,6.6,6.72,6.88,6.95,7.07,7.42
1995-05-05,6.16,6.27,6.42,6.55,6.69,7.07
1995-05-12,6.2,6.31,6.46,6.55,6.67,7.05
1995-05-19,6.19,6.28,6.43,6.5,6.61,6.96
1995-05-26,5.97,6.05,6.18,6.28,6.4,6.8
1995-06-02,5.54,5.64,5.8,5.92,6.1,6.55
1995-06-09,6.01,6.08,6.21,6.31,6.4,6.76
1995-06-16,5.77,5.83,5.96,6.09,6.21,6.64
1995-06-23,5.64,5.69,5.83,5.94,6.06,6.51
1995-06-30,5.79,5.88,5.98,6.12,6.21,6.64
1995-07-07,5.54,5.61,5.74,5.94,6.04,6.52
1995-07-14,5.7,5.78,5.89,6.07,6.15,6.61
1995-07-21,5.95,6.11,6.26,6.4,6.53,6.98
1995-07-28,5.92,6.09,6.22,6.4,6.49,6.93
1995-08-04,5.91,6.06,6.2,6.39,6.5,6.92
1995-08-11,6.05,6.19,6.37,6.54,6.59,7.06
1995-08-18,6.13,6.24,6.36,6.51,6.57,7.0
1995-08-25,5.9,6.01,6.13,6.3,6.38,6.8
1995-09-01,5.78,5.89,6.0,6.14,6.22,6.67
1995-09-08,5.85,5.95,6.04,6.17,6.24,6.66
1995-09-15,5.71,5.8,5.91,6.05,6.11,6.58
1995-09-22,5.85,5.93,6.06,6.19,6.25,6.7
1995-09-29,5.83,5.91,6.01,6.11,6.17,6.6
1995-10-06,5.73,5.81,5.89,6.0,6.06,6.51
1995-10-13,5.67,5.72,5.8,5.88,5.97,6.37
1995-10-20,5.72,5.79,5.9,5.99,6.04,6.42
1995-10-27,5.64,5.73,5.83,5.95,6.05,6.4
1995-11-03,5.49,5.58,5.7,5.82,5.94,6.33
1995-11-10,5.52,5.64,5.76,5.89,6.0,6.39
1995-11-17,5.46,5.54,5.66,5.81,5.92,6.33
1995-11-24,5.49,5.56,5.7,5.84,5.91,6.36
1995-12-01,5.32,5.37,5.49,5.63,5.71,6.16
1995-12-08,5.39,5.45,5.56,5.67,5.73,6.12
1995-12-15,5.36,5.41,5.55,5.66,5.75,6.15
1995-12-22,5.28,5.37,5.5,5.62,5.71,6.12
1995-12-29,5.18,5.25,5.38,5.49,5.58,6.01
1996-01-05,5.2,5.29,5.42,5.59,5.69,6.11
1996-01-12,5.17,5.26,5.4,5.64,5.75,6.22
1996-01-19,5.03,5.1,5.27,5.43,5.54,6.02
1996-01-26,5.08,5.18,5.34,5.54,5.65,6.1
1996-02-02,4.9,5.04,5.24,5.49,5.66,6.16
1996-02-09,4.85,4.98,5.25,5.49,5.66,6.17
1996-02-16,4.9,5.01,5.29,5.58,5.76,6.27
1996-02-23,5.13,5.29,5.53,5.82,5.97,6.5
1996-03-01,5.26,5.4,5.6,5.86,5.99,6.48
1996-03-08,5.73,5.88,6.05,6.28,6.41,6.84
1996-03-15,5.87,6.01,6.19,6.4,6.46,6.9
1996-03-22,5.74,5.85,6.05,6.26,6.32,6.8
1996-03-29,5.79,5.91,6.1,6.3,6.34,6.83
1996-04-05,6.09,6.22,6.4,6.57,6.57,7.01
1996-04-12,5.96,6.12,6.31,6.49,6.52,7.0
1996-04-19,5.95,6.1,6.32,6.48,6.53,7.0
1996-04-26,5.92,6.08,6.29,6.47,6.54,6.96
1996-05-03,6.2,6.37,6.61,6.81,6.9,7.29
1996-05-10,6.04,6.23,6.45,6.65,6.75,7.12
1996-05-17,6.04,6.2,6.41,6.58,6.65,7.03
1996-05-24,6.03,6.2,6.42,6.58,6.65,7.01
1996-05-31,6.27,6.44,6.64,6.78,6.85,7.17
1996-06-07,6.4,6.56,6.75,6.87,6.93,7.22
1996-06-14,6.29,6.49,6.72,6.87,6.95,7.26
1996-06-21,6.35,6.52,6.74,6.87,6.96,7.25
1996-06-28,6.11,6.3,6.47,6.61,6.73,7.03
1996-07-05,6.44,6.62,6.82,6.95,7.06,7.31
1996-07-12,6.26,6.45,6.65,6.76,6.85,7.15
1996-07-19,6.18,6.35,6.55,6.67,6.78,7.08
1996-07-26,6.25,6.45,6.62,6.74,6.85,7.12
1996-08-02,5.91,6.09,6.26,6.38,6.51,6.83
1996-08-09,5.93,6.09,6.25,6.37,6.5,6.83
1996-08-16,5.95,6.13,6.31,6.43,6.56,6.9
1996-08-23,6.09,6.27,6.48,6.61,6.72,7.06
1996-08-30,6.34,6.54,6.73,6.86,6.96,7.28
1996-09-06,6.33,6.52,6.72,6.84,6.94,7.27
1996-09-13,6.1,6.29,6.48,6.64,6.74,7.1
1996-09-20,6.26,6.43,6.62,6.75,6.85,7.18
1996-09-27,6.07,6.25,6.43,6.57,6.68,7.03
1996-10-04,5.85,6.0,6.2,6.36,6.48,6.83
1996-10-11,5.92,6.09,6.29,6.46,6.55,6.93
1996-10-18,5.89,6.05,6.25,6.39,6.5,6.88
1996-10-25,5.9,6.07,6.26,6.42,6.54,6.9
1996-11-01,5.79,5.93,6.11,6.26,6.38,6.75
1996-11-08,5.76,5.88,6.04,6.16,6.29,6.63
1996-11-15,5.68,5.79,5.96,6.09,6.19,6.55
1996-11-22,5.69,5.8,5.94,6.05,6.15,6.54
1996-11-29,5.59,5.7,5.84,5.97,6.06,6.45
1996-12-06,5.73,5.84,6.02,6.16,6.26,6.62
1996-12-13,5.77,5.89,6.06,6.22,6.33,6.68
1996-12-20,5.83,5.95,6.12,6.25,6.35,6.69
1996-12-27,5.81,5.93,6.09,6.21,6.3,6.63
1997-01-03,5.95,6.11,6.28,6.42,6.52,6.84
1997-01-10,6.06,6.21,6.4,6.52,6.63,6.94
1997-01-17,6.0,6.14,6.32,6.46,6.56,6.9
1997-01-24,6.07,6.21,6.39,6.53,6.64,6.97
1997-01-31,5.94,6.08,6.26,6.4,6.53,6.86
1997-02-07,5.86,6.0,6.17,6.32,6.43,6.78
1997-02-14,5.79,5.91,6.07,6.18,6.28,6.64
1997-02-21,5.85,5.98,6.16,6.27,6.36,6.74
1997-02-28,6.09,6.23,6.39,6.5,6.56,6.91
1997-03-07,6.1,6.25,6.39,6.52,6.57,6.93
1997-03-14,6.18,6.35,6.53,6.66,6.71,7.07
1997-03-21,6.29,6.46,6.61,6.7,6.74,7.08
1997-03-28,6.45,6.61,6.76,6.88,6.9,7.2
1997-04-04,6.44,6.61,6.78,6.9,6.92,7.25
1997-04-11,6.53,6.69,6.85,6.95,6.98,7.29
1997-04-18,6.42,6.57,6.73,6.81,6.84,7.17
1997-04-25,6.54,6.7,6.83,6.92,6.94,7.25
1997-05-02,6.26,6.4,6.54,6.63,6.68,6.99
1997-05-09,6.24,6.4,6.51,6.62,6.67,6.97
1997-05-16,6.28,6.41,6.55,6.64,6.7,7.0
1997-05-23,6.25,6.41,6.59,6.68,6.74,7.07
1997-05-30,6.22,6.37,6.51,6.61,6.67,6.99
1997-06-06,6.12,6.25,6.39,6.46,6.51,6.85
1997-06-13,6.03,6.18,6.3,6.39,6.43,6.79
1997-06-20,6.02,6.14,6.27,6.37,6.37,6.72
1997-06-27,6.03,6.2,6.35,6.43,6.46,6.82
1997-07-04,5.93,6.07,6.2,6.29,6.31,6.67
1997-07-11,5.89,6.01,6.13,6.22,6.23,6.58
1997-07-18,5.91,6.02,6.16,6.23,6.24,6.58
1997-07-25,5.87,5.97,6.08,6.16,6.18,6.51
1997-08-01,5.89,5.99,6.08,6.17,6.2,6.52
1997-08-08,6.02,6.15,6.23,6.37,6.38,6.74
1997-08-15,5.87,6.0,6.1,6.27,6.27,6.65
1997-08-22,5.98,6.09,6.21,6.36,6.38,6.75
1997-08-29,5.97,6.1,6.22,6.33,6.34,6.69
1997-09-05,5.98,6.09,6.24,6.36,6.37,6.72
1997-09-12,5.93,6.03,6.17,6.28,6.29,6.66
1997-09-19,5.81,5.89,6.01,6.08,6.09,6.44
1997-09-26,5.8,5.89,5.99,6.08,6.08,6.43
1997-10-03,5.72,5.79,5.89,6.02,6.01,6.35
1997-10-10,5.86,5.92,6.03,6.17,6.15,6.49
1997-10-17,5.91,5.98,6.08,6.19,6.17,6.51
1997-10-24,5.79,5.86,5.94,6.05,6.01,6.35
1997-10-31,5.63,5.7,5.72,5.87,5.84,6.21
1997-11-07,5.71,5.77,5.81,5.92,5.9,6.25
1997-11-14,5.7,5.74,5.8,5.9,5.86,6.19
1997-11-21,5.68,5.7,5.77,5.84,5.82,6.13
1997-11-28,5.76,5.8,5.83,5.89,5.86,6.12
1997-12-05,5.8,5.83,5.87,5.94,5.92,6.16
1997-12-12,5.63,5.67,5.71,5.76,5.74,6.03
1997-12-19,5.66,5.67,5.7,5.74,5.72,6.0
1997-12-26,5.69,5.72,5.72,5.75,5.75,5.99
1998-01-02,5.59,5.62,5.63,5.68,5.67,5.94
1998-01-09,5.17,5.2,5.22,5.37,5.4,5.77
1998-01-16,5.35,5.35,5.42,5.53,5.54,5.87
1998-01-23,5.42,5.44,5.53,5.67,5.7,6.04
1998-01-30,5.32,5.35,5.39,5.51,5.53,5.88
1998-02-06,5.38,5.43,5.48,5.61,5.62,5.99
1998-02-13,5.36,5.36,5.44,5.53,5.49,5.92
1998-02-20,5.41,5.41,5.49,5.58,5.54,5.93
1998-02-27,5.55,5.55,5.59,5.67,5.62,5.99
1998-03-06,5.58,5.59,5.65,5.78,5.73,6.09
1998-03-13,5.5,5.49,5.54,5.65,5.58,5.95
1998-03-20,5.52,5.5,5.56,5.64,5.57,5.95
1998-03-27,5.63,5.66,5.67,5.75,5.68,6.03
1998-04-03,5.42,5.42,5.44,5.54,5.47,5.85
1998-04-10,5.5,5.52,5.56,5.64,5.59,5.95
1998-04-17,5.54,5.53,5.57,5.64,5.59,5.95
1998-04-24,5.61,5.62,5.65,5.72,5.67,6.02
1998-05-01,5.59,5.62,5.63,5.72,5.67,6.02
1998-05-08,5.61,5.64,5.65,5.75,5.71,6.05
1998-05-15,5.63,5.64,5.67,5.76,5.68,6.05
1998-05-22,5.63,5.63,5.65,5.72,5.64,5.99
1998-05-29,5.53,5.54,5.56,5.63,5.56,5.9
1998-06-05,5.58,5.59,5.6,5.63,5.58,5.89
1998-06-12,5.43,5.43,5.43,5.48,5.43,5.75
1998-06-19,5.52,5.5,5.52,5.54,5.47,5.78
1998-06-26,5.51,5.53,5.49,5.53,5.46,5.74
1998-07-03,5.44,5.46,5.43,5.47,5.42,5.7
1998-07-10,5.41,5.42,5.4,5.47,5.42,5.73
1998-07-17,5.46,5.48,5.49,5.57,5.51,5.85
1998-07-24,5.48,5.47,5.48,5.52,5.45,5.79
1998-07-31,5.49,5.48,5.52,5.56,5.5,5.81
1998-08-07,5.34,5.33,5.39,5.44,5.4,5.72
1998-08-14,5.34,5.3,5.34,5.42,5.4,5.67
1998-08-21,5.25,5.23,5.24,5.33,5.32,5.62
1998-08-28,4.93,4.89,4.94,5.09,5.09,5.51
1998-09-04,4.91,4.84,4.9,5.01,5.02,5.44
1998-09-11,4.68,4.65,4.65,4.81,4.85,5.37
1998-09-18,4.61,4.56,4.5,4.64,4.7,5.35
1998-09-25,4.43,4.41,4.4,4.53,4.6,5.3
1998-10-02,4.17,4.13,4.08,4.23,4.31,5.05
1998-10-09,4.19,4.39,4.46,4.78,4.77,5.5
1998-10-16,3.86,4.04,4.04,4.41,4.44,5.3
1998-10-23,4.2,4.24,4.28,4.6,4.7,5.47
1998-10-30,4.12,4.24,4.24,4.47,4.64,5.38
1998-11-06,4.59,4.65,4.58,4.92,4.93,5.63
1998-11-13,4.54,4.56,4.53,4.78,4.82,5.46
1998-11-20,4.66,4.62,4.6,4.77,4.82,5.44
1998-11-27,4.62,4.63,4.6,4.8,4.81,5.42
1998-12-04,4.46,4.43,4.38,4.61,4.62,5.34
1998-12-11,4.46,4.42,4.39,4.59,4.61,5.31
1998-12-18,4.45,4.43,4.38,4.58,4.58,5.32
1998-12-25,4.78,4.76,4.74,4.89,4.86,5.55
1999-01-01,4.54,4.55,4.56,4.73,4.65,5.39
1999-01-08,4.71,4.71,4.72,4.92,4.86,5.57
1999-01-15,4.56,4.55,4.54,4.76,4.66,5.43
1999-01-22,4.59,4.58,4.54,4.73,4.64,5.38
1999-01-29,4.58,4.57,4.55,4.72,4.66,5.35
1999-02-05,4.8,4.85,4.88,5.04,4.94,5.61
1999-02-12,4.91,4.94,4.96,5.18,5.06,5.76
1999-02-19,4.95,4.97,4.99,5.19,5.07,5.71
1999-02-26,5.13,5.16,5.21,5.39,5.29,5.85
1999-03-05,5.14,5.21,5.24,5.44,5.34,5.91
1999-03-12,5.0,5.06,5.08,5.31,5.16,5.82
1999-03-19,5.04,5.05,5.07,5.31,5.17,5.82
1999-03-26,4.99,5.05,5.1,5.35,5.21,5.9
1999-04-02,4.96,5.03,5.07,5.31,5.2,5.88
1999-04-09,4.88,4.91,4.96,5.17,5.05,5.73
1999-04-16,5.02,5.08,5.13,5.32,5.23,5.85
1999-04-23,5.04,5.09,5.15,5.34,5.26,5.87
1999-04-30,5.08,5.17,5.24,5.42,5.36,5.94
1999-05-07,5.19,5.27,5.4,5.6,5.54,6.1
1999-05-14,5.3,5.38,5.48,5.71,5.62,6.16
1999-05-21,5.3,5.37,5.46,5.67,5.52,6.08
1999-05-28,5.42,5.51,5.6,5.83,5.64,6.15
1999-06-04,5.56,5.64,5.75,5.97,5.82,6.28
1999-06-11,5.7,5.78,5.92,6.17,6.02,6.47
1999-06-18,5.56,5.63,5.75,5.95,5.84,6.3
1999-06-25,5.73,5.81,5.91,6.18,6.02,6.49
1999-07-02,5.58,5.65,5.7,5.96,5.82,6.3
1999-07-09,5.61,5.68,5.72,5.99,5.84,6.3
1999-07-16,5.5,5.53,5.57,5.83,5.68,6.18
1999-07-23,5.58,5.65,5.72,6.0,5.84,6.32
1999-07-30,5.63,5.7,5.82,6.1,5.92,6.4
1999-08-06,5.69,5.79,5.94,6.24,6.02,6.48
1999-08-13,5.71,5.81,5.88,6.21,5.98,6.45
1999-08-20,5.65,5.72,5.79,6.1,5.88,6.41
1999-08-27,5.65,5.74,5.75,6.05,5.85,6.38
1999-09-03,5.64,5.72,5.78,6.12,5.89,6.45
1999-09-10,5.64,5.75,5.78,6.1,5.89,6.48
1999-09-17,5.63,5.74,5.76,6.06,5.87,6.47
1999-09-24,5.55,5.6,5.65,5.94,5.75,6.36
1999-10-01,5.73,5.83,5.9,6.22,6.0,6.57
1999-10-08,5.8,5.87,5.97,6.27,6.04,6.61
1999-10-15,5.82,5.89,5.99,6.33,6.09,6.66
1999-10-22,5.96,6.02,6.13,6.43,6.21,6.76
1999-10-29,5.79,5.9,5.97,6.19,6.02,6.52
1999-11-05,5.72,5.8,5.88,6.07,5.92,6.41
1999-11-12,5.78,5.82,5.85,6.06,5.93,6.37
1999-11-19,5.92,5.97,6.0,6.21,6.07,6.48
1999-11-26,5.99,6.03,6.06,6.25,6.12,6.57
1999-12-03,5.99,6.03,6.08,6.27,6.17,6.6
1999-12-10,5.93,5.95,5.98,6.15,6.08,6.48
1999-12-17,6.15,6.17,6.22,6.42,6.3,6.74
1999-12-24,6.24,6.27,6.33,6.54,6.41,6.83
1999-12-31,6.24,6.29,6.36,6.55,6.45,6.83
2000-01-07,6.31,6.35,6.42,6.58,6.52,6.82
2000-01-14,6.44,6.49,6.59,6.71,6.69,6.91
2000-01-21,6.48,6.54,6.67,6.8,6.79,6.91
2000-01-28,6.58,6.62,6.68,6.72,6.66,6.65
2000-02-04,6.63,6.64,6.64,6.68,6.53,6.54
2000-02-11,6.65,6.73,6.77,6.81,6.63,6.62
2000-02-18,6.66,6.71,6.72,6.72,6.49,6.47
2000-02-25,6.45,6.48,6.5,6.61,6.36,6.47
2000-03-03,6.5,6.56,6.6,6.62,6.39,6.41
2000-03-10,6.55,6.58,6.61,6.63,6.39,6.52
2000-03-17,6.5,6.49,6.45,6.43,6.2,6.33
2000-03-24,6.64,6.59,6.51,6.49,6.2,6.36
2000-03-31,6.5,6.44,6.32,6.28,6.03,6.2
2000-04-07,6.38,6.33,6.18,6.13,5.86,6.04
2000-04-14,6.27,6.21,6.11,6.16,5.85,6.12
2000-04-21,6.38,6.33,6.24,6.25,5.99,6.16
2000-04-28,6.68,6.64,6.56,6.49,6.23,6.31
2000-05-05,6.84,6.81,6.77,6.75,6.51,6.61
2000-05-12,6.91,6.86,6.76,6.77,6.51,6.62
2000-05-19,6.86,6.8,6.71,6.76,6.51,6.64
2000-05-26,6.69,6.65,6.57,6.57,6.33,6.45
2000-06-02,6.52,6.48,6.37,6.39,6.15,6.31
2000-06-09,6.56,6.5,6.36,6.36,6.13,6.26
2000-06-16,6.38,6.32,6.19,6.21,5.99,6.21
2000-06-23,6.55,6.49,6.37,6.42,6.19,6.38
2000-06-30,6.38,6.31,6.18,6.25,6.03,6.26
2000-07-07,6.29,6.23,6.11,6.17,6.01,6.23
2000-07-14,6.41,6.35,6.25,6.29,6.1,6.24
2000-07-21,6.32,6.25,6.14,6.17,6.01,6.12
2000-07-28,6.3,6.24,6.16,6.19,6.04,6.12
2000-08-04,6.15,6.1,6.02,6.03,5.91,6.03
2000-08-11,6.25,6.19,6.07,6.06,5.79,6.04
2000-08-18,6.27,6.22,6.09,6.05,5.78,6.0
2000-08-25,6.19,6.12,6.0,5.98,5.73,5.96
2000-09-01,6.09,6.01,5.92,5.91,5.68,5.95
2000-09-08,6.11,6.03,5.95,5.97,5.73,5.99
2000-09-15,6.07,6.01,5.93,6.02,5.84,6.16
2000-09-22,6.09,6.04,5.93,5.99,5.85,6.18
2000-09-29,5.98,5.91,5.85,5.93,5.8,6.13
2000-10-06,5.98,5.92,5.88,5.92,5.82,6.11
2000-10-13,5.84,5.79,5.73,5.82,5.73,6.05
2000-10-20,5.84,5.76,5.69,5.73,5.64,5.95
2000-10-27,5.94,5.86,5.79,5.82,5.72,5.96
2000-11-03,5.94,5.9,5.86,5.91,5.83,6.09
2000-11-10,5.92,5.86,5.76,5.87,5.82,6.07
2000-11-17,5.88,5.78,5.67,5.76,5.71,5.97
2000-11-24,5.86,5.74,5.63,5.7,5.63,5.86
2000-12-01,5.62,5.55,5.46,5.56,5.52,5.82
2000-12-08,5.5,5.41,5.32,5.39,5.35,5.71
2000-12-15,5.38,5.26,5.15,5.24,5.2,5.59
2000-12-22,5.1,5.02,4.93,5.07,5.02,5.52
2000-12-29,5.11,5.06,4.99,5.16,5.12,5.59
2001-01-05,4.56,4.57,4.66,4.93,4.93,5.5
2001-01-12,4.9,4.91,4.97,5.24,5.25,5.74
2001-01-19,4.75,4.76,4.84,5.14,5.19,5.67
2001-01-26,4.78,4.81,4.93,5.23,5.29,5.75
2001-02-02,4.65,4.71,4.86,5.09,5.17,5.6
2001-02-09,4.67,4.7,4.85,5.05,5.03,5.55
2001-02-16,4.75,4.79,4.94,5.14,5.11,5.67
2001-02-23,4.53,4.63,4.86,5.11,5.1,5.66
2001-03-02,4.48,4.53,4.75,4.98,4.95,5.55
2001-03-09,4.47,4.53,4.75,4.96,4.95,5.5
2001-03-16,4.26,4.35,4.54,4.79,4.78,5.41
2001-03-23,4.24,4.33,4.52,4.78,4.8,5.43
2001-03-30,4.18,4.33,4.62,4.86,4.93,5.6
2001-04-06,4.07,4.22,4.52,4.8,4.89,5.57
2001-04-13,4.36,4.52,4.83,5.09,5.17,5.77
2001-04-20,4.26,4.5,4.88,5.16,5.29,5.92
2001-04-27,4.28,4.53,4.94,5.2,5.34,5.94
2001-05-04,4.14,4.41,4.83,5.06,5.21,5.77
2001-05-11,4.36,4.58,4.99,5.34,5.51,6.02
2001-05-18,4.37,4.6,4.99,5.28,5.41,5.93
2001-05-25,4.31,4.58,5.04,5.38,5.52,6.04
2001-06-01,4.22,4.49,4.94,5.24,5.39,5.89
2001-06-08,4.17,4.45,4.93,5.25,5.38,5.9
2001-06-15,4.01,4.26,4.74,5.12,5.27,5.83
2001-06-22,3.93,4.18,4.63,4.98,5.14,5.7
2001-06-29,4.25,4.52,4.97,5.28,5.42,5.91
2001-07-06,4.16,4.43,4.9,5.24,5.41,5.92
2001-07-13,4.12,4.37,4.82,5.11,5.27,5.79
2001-07-20,3.98,4.29,4.7,4.98,5.15,5.67
2001-07-27,3.87,4.15,4.64,4.93,5.13,5.65
2001-08-03,3.91,4.22,4.72,4.99,5.2,5.7
2001-08-10,3.73,4.03,4.61,4.88,4.99,5.61
2001-08-17,3.67,3.95,4.49,4.75,4.84,5.51
2001-08-24,3.76,4.03,4.55,4.82,4.93,5.54
2001-08-31,3.64,3.91,4.46,4.72,4.85,5.47
2001-09-07,3.53,3.82,4.39,4.67,4.8,5.45
2001-09-14,2.87,3.17,3.92,4.31,4.57,5.38
2001-09-21,2.91,3.27,3.94,4.43,4.7,5.62
2001-09-28,2.86,3.22,3.93,4.37,4.6,5.45
2001-10-05,2.71,3.1,3.87,4.26,4.52,5.34
2001-10-12,2.81,3.23,4.01,4.41,4.68,5.45
2001-10-19,2.77,3.19,3.96,4.37,4.63,5.39
2001-10-26,2.63,3.06,3.88,4.26,4.53,5.27
2001-11-02,2.48,2.93,3.77,4.12,4.37,5.14
2001-11-09,2.45,2.86,3.62,4.09,4.34,5.05
2001-11-16,3.09,3.55,4.24,4.72,4.91,5.52
2001-11-23,3.2,3.68,4.4,4.83,5.04,5.65
2001-11-30,2.84,3.3,4.08,4.55,4.78,5.54
2001-12-07,3.19,3.72,4.5,4.98,5.2,5.9
2001-12-14,3.2,3.73,4.52,5.01,5.24,5.89
2001-12-21,3.17,3.69,4.45,4.89,5.12,5.76
2001-12-28,3.16,3.69,4.46,4.93,5.15,5.82
2002-01-04,3.19,3.72,4.5,4.97,5.18,5.87
2002-01-11,2.76,3.28,4.14,4.65,4.92,5.6
2002-01-18,2.91,3.43,4.23,4.69,4.94,5.59
2002-01-25,3.17,3.71,4.46,4.86,5.1,5.72
2002-02-01,3.08,3.62,4.37,4.78,5.02,5.63
2002-02-08,2.95,3.48,4.28,4.69,4.9,5.6
2002-02-15,2.97,3.5,4.27,4.66,4.86,5.58
2002-02-22,2.97,3.48,4.23,4.67,4.84,5.55
2002-03-01,3.18,3.73,4.43,4.82,4.98,5.7
2002-03-08,3.6,4.21,4.77,5.17,5.33,5.95
2002-03-15,3.63,4.23,4.8,5.2,5.35,5.98
2002-03-22,3.77,4.4,4.9,5.28,5.4,6.04
2002-03-29,3.72,4.31,4.91,5.29,5.42,6.03
2002-04-05,3.49,4.1,4.68,5.04,5.22,5.84
2002-04-12,3.41,4.01,4.6,4.99,5.18,5.81
2002-04-19,3.36,3.95,4.62,5.0,5.21,5.85
2002-04-26,3.22,3.8,4.49,4.86,5.08,5.73
2002-05-03,3.17,3.75,4.48,4.85,5.08,5.7
2002-05-10,3.19,3.71,4.46,4.89,5.15,5.77
2002-05-17,3.41,3.95,4.6,5.01,5.27,5.94
2002-05-24,3.28,3.81,4.47,4.87,5.16,5.83
2002-05-31,3.22,3.73,4.37,4.77,5.08,5.77
2002-06-07,3.16,3.67,4.36,4.78,5.1,5.81
2002-06-14,2.92,3.4,4.1,4.51,4.83,5.54
2002-06-21,2.88,3.35,4.06,4.47,4.79,5.54
2002-06-28,2.9,3.37,4.09,4.52,4.86,5.65
2002-07-05,2.9,3.38,4.13,4.6,4.9,5.67
2002-07-12,2.56,3.02,3.82,4.3,4.63,5.45
2002-07-19,2.48,2.94,3.76,4.25,4.61,5.47
2002-07-26,2.2,2.62,3.46,4.03,4.43,5.42
2002-08-02,1.99,2.43,3.27,3.88,4.33,5.29
2002-08-09,2.1,2.49,3.28,3.85,4.27,5.22
2002-08-16,2.28,2.67,3.41,3.99,4.32,5.24
2002-08-23,2.19,2.56,3.31,3.88,4.25,5.15
2002-08-30,2.14,2.5,3.22,3.78,4.14,5.06
2002-09-06,2.08,2.42,3.1,3.66,4.05,5.0
2002-09-13,2.07,2.38,3.0,3.55,3.92,4.87
2002-09-20,1.94,2.25,2.86,3.42,3.79,4.82
2002-09-27,1.82,2.13,2.74,3.31,3.69,4.78
2002-10-04,1.78,2.09,2.73,3.31,3.69,4.77
2002-10-11,1.85,2.17,2.83,3.45,3.83,4.91
2002-10-18,2.09,2.45,3.17,3.73,4.14,5.17
2002-10-25,1.98,2.35,3.1,3.69,4.12,5.16
2002-11-01,1.76,2.14,2.92,3.54,4.01,5.07
2002-11-08,1.87,2.21,2.87,3.44,3.85,4.87
2002-11-15,1.91,2.3,3.05,3.63,4.05,5.02
2002-11-22,2.1,2.52,3.26,3.84,4.18,5.12
2002-11-29,2.08,2.51,3.28,3.88,4.22,5.18
2002-12-06,1.89,2.31,3.13,3.73,4.09,5.08
2002-12-13,1.87,2.27,3.08,3.68,4.07,5.03
2002-12-20,1.76,2.15,2.93,3.53,3.97,4.97
2002-12-27,1.6,1.97,2.79,3.36,3.83,4.83
2003-01-03,1.79,2.2,3.03,3.6,4.05,5.03
2003-01-10,1.79,2.26,3.2,3.74,4.16,5.14
2003-01-17,1.7,2.15,3.05,3.6,4.05,5.0
2003-01-24,1.66,2.08,2.93,3.48,3.94,4.92
2003-01-31,1.72,2.16,3.02,3.55,4.0,4.93
2003-02-07,1.63,2.08,2.97,3.51,3.96,4.88
2003-02-14,1.62,2.05,2.91,3.48,3.95,4.94
2003-02-21,1.63,2.04,2.86,3.42,3.9,4.88
2003-02-28,1.53,1.91,2.69,3.24,3.71,4.7
2003-03-07,1.39,1.77,2.56,3.14,3.63,4.67
2003-03-14,1.56,1.95,2.72,3.27,3.72,4.73
2003-03-21,1.8,2.25,3.12,3.67,4.11,5.08
2003-03-28,1.56,1.99,2.86,3.45,3.92,4.93
2003-04-04,1.55,2.0,2.88,3.48,3.96,4.97
2003-04-11,1.65,2.09,2.95,3.49,4.0,4.96
2003-04-18,1.71,2.15,2.99,3.5,3.98,4.91
2003-04-25,1.57,2.0,2.88,3.42,3.91,4.83
2003-05-02,1.56,2.0,2.9,3.45,3.94,4.84
2003-05-09,1.45,1.81,2.61,3.17,3.69,4.64
2003-05-16,1.38,1.69,2.43,3.0,3.46,4.44
2003-05-23,1.38,1.65,2.33,2.87,3.34,4.28
2003-05-30,1.33,1.58,2.3,2.87,3.37,4.36
2003-06-06,1.27,1.53,2.29,2.87,3.37,4.37
2003-06-13,1.1,1.34,2.08,2.63,3.13,4.13
2003-06-20,1.22,1.55,2.31,2.9,3.4,4.41
2003-06-27,1.38,1.72,2.52,3.09,3.58,4.57
2003-07-04,1.32,1.69,2.55,3.15,3.67,4.64
2003-07-11,1.29,1.67,2.52,3.12,3.66,4.65
2003-07-18,1.51,1.98,2.93,3.49,4.0,4.93
2003-07-25,1.52,2.06,3.1,3.69,4.22,5.15
2003-08-01,1.85,2.38,3.37,4.01,4.44,5.42
2003-08-08,1.72,2.27,3.17,3.76,4.27,5.29
2003-08-15,1.85,2.47,3.42,4.04,4.55,5.49
2003-08-22,1.97,2.54,3.47,4.03,4.48,5.37
2003-08-29,1.95,2.51,3.46,4.0,4.45,5.33
2003-09-05,1.72,2.28,3.28,3.83,4.35,5.29
2003-09-12,1.66,2.19,3.15,3.72,4.27,5.22
2003-09-19,1.7,2.2,3.11,3.66,4.17,5.12
2003-09-26,1.6,2.06,2.95,3.49,4.04,4.98
2003-10-03,1.65,2.17,3.12,3.69,4.21,5.15
2003-10-10,1.65,2.18,3.15,3.72,4.29,5.23
2003-10-17,1.9,2.41,3.33,3.9,4.41,5.32
2003-10-24,1.76,2.26,3.13,3.68,4.24,5.14
2003-10-31,1.85,2.36,3.27,3.8,4.33,5.2
2003-11-07,2.04,2.6,3.47,3.99,4.48,5.33
2003-11-14,1.84,2.36,3.19,3.7,4.22,5.1
2003-11-21,1.84,2.35,3.15,3.67,4.15,5.05
2003-11-28,2.06,2.56,3.38,3.89,4.34,5.2
2003-12-05,1.88,2.42,3.23,3.76,4.23,5.09
2003-12-12,1.84,2.4,3.23,3.75,4.26,5.12
2003-12-19,1.82,2.35,3.16,3.67,4.15,4.99
2003-12-26,1.82,2.33,3.17,3.67,4.17,4.99
2004-01-02,1.94,2.47,3.36,3.9,4.38,5.21
2004-01-09,1.68,2.17,3.05,3.58,4.11,4.98
2004-01-16,1.7,2.19,3.03,3.54,4.04,4.9
2004-01-23,1.71,2.22,3.06,3.59,4.09,4.95
2004-01-30,1.84,2.35,3.17,3.68,4.16,5.0
2004-02-06,1.77,2.29,3.12,3.63,4.12,4.95
2004-02-13,1.7,2.19,3.01,3.54,4.05,4.92
2004-02-20,1.75,2.25,3.08,3.59,4.1,4.96
2004-02-27,1.66,2.13,3.01,3.48,3.99,4.85
2004-03-05,1.57,2.02,2.81,3.32,3.85,4.73
2004-03-12,1.54,1.95,2.73,3.24,3.78,4.68
2004-03-19,1.56,1.97,2.75,3.28,3.8,4.68
2004-03-26,1.59,2.0,2.81,3.33,3.85,4.75
2004-04-02,1.86,2.33,3.15,3.66,4.15,4.97
2004-04-09,1.88,2.37,3.22,3.73,4.21,5.04
2004-04-16,2.03,2.53,3.39,3.9,4.37,5.2
2004-04-23,2.29,2.78,3.58,4.07,4.48,5.27
2004-04-30,2.31,2.86,3.63,4.11,4.53,5.31
2004-05-07,2.64,3.19,3.96,4.41,4.79,5.53
2004-05-14,2.59,3.16,3.92,4.39,4.79,5.54
2004-05-21,2.6,3.18,3.91,4.37,4.76,5.5
2004-05-28,2.54,3.1,3.81,4.26,4.66,5.39
2004-06-04,2.7,3.25,3.97,4.41,4.78,5.51
2004-06-11,2.81,3.32,4.0,4.43,4.81,5.52
2004-06-18,2.81,3.28,3.94,4.34,4.72,5.43
2004-06-25,2.74,3.2,3.85,4.27,4.66,5.37
2004-07-02,2.54,2.96,3.62,4.08,4.48,5.22
2004-07-09,2.55,2.96,3.64,4.08,4.49,5.23
2004-07-16,2.54,2.93,3.56,3.99,4.38,5.14
2004-07-23,2.69,3.08,3.69,4.08,4.45,5.2
2004-07-30,2.68,3.09,3.71,4.13,4.5,5.24
2004-08-06,2.4,2.79,3.4,3.84,4.24,5.04
2004-08-13,2.47,2.85,3.42,3.85,4.22,5.02
2004-08-20,2.46,2.83,3.42,3.86,4.24,5.03
2004-08-27,2.48,2.85,3.43,3.86,4.23,5.02
2004-09-03,2.61,2.94,3.52,3.93,4.3,5.07
2004-09-10,2.5,2.84,3.4,3.79,4.19,4.97
2004-09-17,2.53,2.83,3.35,3.75,4.14,4.91
2004-09-24,2.62,2.88,3.33,3.69,4.04,4.78
2004-10-01,2.63,2.92,3.44,3.85,4.21,4.95
2004-10-08,2.61,2.88,3.39,3.8,4.15,4.91
2004-10-15,2.53,2.8,3.31,3.72,4.07,4.84
2004-10-22,2.55,2.79,3.26,3.66,4.0,4.75
2004-10-29,2.56,2.82,3.3,3.7,4.05,4.79
2004-11-05,2.8,3.04,3.51,3.88,4.21,4.92
2004-11-12,2.86,3.1,3.53,3.89,4.2,4.91
2004-11-19,2.95,3.17,3.57,3.91,4.2,4.89
2004-11-26,3.03,3.25,3.64,3.98,4.24,4.9
2004-12-03,2.94,3.19,3.61,3.96,4.27,4.95
2004-12-10,2.95,3.15,3.52,3.85,4.16,4.83
2004-12-17,3.03,3.22,3.59,3.91,4.21,4.85
2004-12-24,3.02,3.21,3.58,3.92,4.23,4.86
2004-12-31,3.08,3.25,3.63,3.94,4.24,4.85
2005-01-07,3.2,3.4,3.73,4.03,4.29,4.88
2005-01-14,3.24,3.41,3.71,3.97,4.23,4.76
2005-01-21,3.16,3.33,3.65,3.92,4.16,4.69
2005-01-28,3.25,3.41,3.69,3.93,4.16,4.66
2005-02-04,3.29,3.44,3.68,3.88,4.09,4.54
2005-02-11,3.34,3.48,3.7,3.9,4.1,4.55
2005-02-18,3.45,3.62,3.86,4.07,4.27,4.72
2005-02-25,3.54,3.68,3.91,4.09,4.27,4.72
2005-03-04,3.57,3.73,3.97,4.15,4.32,4.73
2005-03-11,3.73,3.94,4.22,4.39,4.56,4.93
2005-03-18,3.72,3.91,4.18,4.34,4.51,4.92
2005-03-25,3.88,4.06,4.3,4.44,4.6,4.97
2005-04-01,3.75,3.9,4.13,4.29,4.46,4.85
2005-04-08,3.77,3.94,4.17,4.32,4.5,4.88
2005-04-15,3.54,3.68,3.9,4.09,4.27,4.73
2005-04-22,3.62,3.73,3.92,4.08,4.26,4.68
2005-04-29,3.66,3.73,3.9,4.03,4.21,4.61
2005-05-06,3.73,3.8,3.95,4.09,4.28,4.69
2005-05-13,3.61,3.71,3.83,3.95,4.12,4.56
2005-05-20,3.69,3.77,3.88,3.89,4.13,4.52
2005-05-27,3.64,3.72,3.82,3.92,4.08,4.49
2005-06-03,3.57,3.63,3.73,3.83,3.98,4.34
2005-06-10,3.71,3.75,3.84,3.92,4.05,4.39
2005-06-17,3.72,3.76,3.88,3.97,4.09,4.44
2005-06-24,3.59,3.63,3.69,3.78,3.92,4.28
2005-07-01,3.76,3.77,3.84,3.92,4.06,4.37
2005-07-08,3.78,3.82,3.89,3.98,4.11,4.42
2005-07-15,3.86,3.92,3.98,4.06,4.18,4.47
2005-07-22,3.92,3.97,4.04,4.11,4.23,4.52
2005-07-29,4.02,4.06,4.12,4.19,4.28,4.56
2005-08-05,4.11,4.16,4.24,4.3,4.4,4.66
2005-08-12,4.05,4.08,4.11,4.16,4.24,4.52
2005-08-19,4.03,4.05,4.08,4.13,4.21,4.47
2005-08-26,4.06,4.07,4.09,4.13,4.2,4.46
2005-09-02,3.75,3.79,3.85,3.92,4.03,4.33
2005-09-09,3.88,3.9,3.94,4.01,4.14,4.45
2005-09-16,3.97,4.0,4.05,4.13,4.26,4.61
2005-09-23,4.02,4.03,4.07,4.14,4.25,4.57
2005-09-30,4.18,4.18,4.18,4.23,4.34,4.62
2005-10-07,4.18,4.19,4.23,4.28,4.35,4.62
2005-10-14,4.27,4.3,4.34,4.4,4.48,4.76
2005-10-21,4.22,4.23,4.26,4.31,4.39,4.68
2005-10-28,4.4,4.42,4.46,4.51,4.58,4.84
2005-11-04,4.47,4.5,4.56,4.6,4.66,4.95
2005-11-11,4.44,4.48,4.49,4.51,4.55,4.85
2005-11-18,4.4,4.41,4.43,4.45,4.5,4.79
2005-11-25,4.33,4.33,4.34,4.37,4.43,4.76
2005-12-02,4.43,4.43,4.45,4.48,4.52,4.81
2005-12-09,4.43,4.43,4.44,4.47,4.54,4.83
2005-12-16,4.37,4.35,4.36,4.39,4.45,4.72
2005-12-23,4.37,4.34,4.32,4.33,4.38,4.63
2005-12-30,4.41,4.37,4.35,4.36,4.39,4.61
2006-01-06,4.36,4.32,4.32,4.33,4.38,4.63
2006-01-13,4.34,4.29,4.28,4.3,4.36,4.59
2006-01-20,4.37,4.32,4.31,4.32,4.37,4.59
2006-01-27,4.51,4.46,4.45,4.47,4.52,4.75
2006-02-03,4.59,4.54,4.5,4.51,4.54,4.7
2006-02-10,4.69,4.67,4.59,4.59,4.59,4.76
2006-02-17,4.66,4.64,4.55,4.54,4.54,4.71
2006-02-24,4.74,4.7,4.64,4.6,4.58,4.71
2006-03-03,4.76,4.75,4.71,4.69,4.68,4.84
2006-03-10,4.74,4.8,4.77,4.76,4.76,4.93
2006-03-17,4.65,4.64,4.62,4.63,4.68,4.89
2006-03-24,4.72,4.67,4.66,4.66,4.67,4.87
2006-03-31,4.82,4.83,4.82,4.83,4.86,5.07
2006-04-07,4.89,4.89,4.89,4.92,4.97,5.2
2006-04-14,4.96,4.96,4.97,5.0,5.05,5.28
2006-04-21,4.9,4.89,4.92,4.95,5.01,5.25
2006-04-28,4.87,4.87,4.92,4.98,5.07,5.31
2006-05-05,4.94,4.96,4.99,5.03,5.12,5.35
2006-05-12,5.01,5.03,5.08,5.12,5.19,5.44
2006-05-19,4.96,4.95,4.96,4.98,5.05,5.28
2006-05-26,4.96,4.94,4.95,4.97,5.06,5.3
2006-06-02,4.92,4.91,4.9,4.92,5.0,5.24
2006-06-09,5.01,4.96,4.95,4.95,4.98,5.17
2006-06-16,5.16,5.13,5.1,5.1,5.13,5.31
2006-06-23,5.27,5.23,5.21,5.21,5.23,5.4
2006-06-30,5.16,5.13,5.1,5.11,5.15,5.31
2006-07-07,5.17,5.13,5.1,5.1,5.14,5.29
2006-07-14,5.08,5.05,5.02,5.03,5.07,5.23
2006-07-21,5.08,5.02,4.99,5.0,5.05,5.21
2006-07-28,4.98,4.94,4.92,4.94,5.0,5.17
2006-08-04,4.91,4.86,4.84,4.85,4.91,5.09
2006-08-11,4.96,4.93,4.91,4.92,4.97,5.18
2006-08-18,4.87,4.82,4.78,4.78,4.84,5.05
2006-08-25,4.86,4.79,4.76,4.76,4.79,5.01
2006-09-01,4.77,4.7,4.68,4.69,4.73,4.95
2006-09-08,4.8,4.73,4.71,4.72,4.78,4.99
2006-09-15,4.87,4.79,4.76,4.77,4.8,5.0
2006-09-22,4.67,4.58,4.55,4.56,4.6,4.82
2006-09-29,4.71,4.62,4.59,4.6,4.64,4.84
2006-10-06,4.74,4.67,4.64,4.65,4.7,4.92
2006-10-13,4.87,4.79,4.77,4.77,4.81,5.02
2006-10-20,4.87,4.8,4.76,4.76,4.79,4.99
2006-10-27,4.76,4.68,4.64,4.64,4.68,4.88
2006-11-03,4.82,4.74,4.7,4.7,4.72,4.9
2006-11-10,4.73,4.63,4.57,4.57,4.59,4.78
2006-11-17,4.76,4.67,4.6,4.6,4.61,4.79
2006-11-24,4.73,4.62,4.55,4.55,4.55,4.74
2006-12-01,4.52,4.43,4.39,4.39,4.43,4.64
2006-12-08,4.68,4.57,4.53,4.54,4.56,4.76
2006-12-15,4.73,4.62,4.57,4.57,4.6,4.81
2006-12-22,4.71,4.64,4.59,4.6,4.63,4.85
2006-12-29,4.82,4.74,4.7,4.7,4.71,4.91
2007-01-05,4.76,4.68,4.65,4.65,4.65,4.84
2007-01-12,4.88,4.81,4.76,4.76,4.77,4.96
2007-01-19,4.93,4.83,4.78,4.78,4.78,4.96
2007-01-26,4.99,4.91,4.87,4.87,4.88,5.07
2007-02-02,4.94,4.87,4.82,4.82,4.83,5.02
2007-02-09,4.92,4.82,4.78,4.78,4.79,4.98
2007-02-16,4.83,4.73,4.68,4.68,4.69,4.9
2007-02-23,4.82,4.71,4.67,4.67,4.68,4.89
2007-03-02,4.56,4.48,4.46,4.47,4.52,4.75
2007-03-09,4.66,4.58,4.55,4.55,4.59,4.81
2007-03-16,4.58,4.51,4.47,4.49,4.55,4.79
2007-03-23,4.6,4.54,4.52,4.54,4.62,4.88
2007-03-30,4.58,4.54,4.54,4.58,4.65,4.92
2007-04-06,4.75,4.68,4.67,4.69,4.76,5.0
2007-04-13,4.76,4.71,4.68,4.7,4.76,5.01
2007-04-20,4.64,4.58,4.57,4.6,4.68,4.93
2007-04-27,4.67,4.61,4.59,4.62,4.71,4.96
2007-05-04,4.68,4.59,4.55,4.58,4.65,4.88
2007-05-11,4.71,4.62,4.58,4.6,4.67,4.92
2007-05-18,4.82,4.75,4.74,4.75,4.81,5.03
2007-05-25,4.85,4.81,4.8,4.82,4.86,5.09
2007-06-01,4.97,4.94,4.92,4.92,4.95,5.15
2007-06-08,5.01,5.03,5.06,5.08,5.12,5.3
2007-06-15,5.05,5.07,5.1,5.12,5.16,5.34
2007-06-22,4.92,4.97,5.02,5.07,5.14,5.34
2007-06-29,4.87,4.89,4.92,4.96,5.03,5.21
2007-07-06,4.99,5.02,5.1,5.14,5.19,5.36
2007-07-13,4.94,4.95,5.01,5.05,5.11,5.27
2007-07-20,4.79,4.78,4.85,4.9,4.96,5.14
2007-07-27,4.56,4.53,4.6,4.68,4.8,5.03
2007-08-03,4.46,4.45,4.52,4.59,4.71,4.96
2007-08-10,4.47,4.51,4.59,4.68,4.81,5.11
2007-08-17,4.18,4.25,4.35,4.47,4.68,5.06
2007-08-24,4.3,4.31,4.42,4.5,4.63,4.95
2007-08-31,4.15,4.16,4.25,4.36,4.54,4.87
2007-09-07,3.9,3.92,4.03,4.17,4.38,4.73
2007-09-14,4.05,4.07,4.18,4.3,4.47,4.77
2007-09-21,4.06,4.15,4.31,4.44,4.64,4.95
2007-09-28,3.97,4.03,4.23,4.38,4.59,4.89
2007-10-05,4.08,4.16,4.33,4.46,4.65,4.94
2007-10-12,4.23,4.27,4.42,4.53,4.7,4.98
2007-10-19,3.8,3.85,4.03,4.19,4.41,4.74
2007-10-26,3.77,3.79,4.04,4.19,4.41,4.73
2007-11-02,3.66,3.68,3.93,4.09,4.31,4.65
2007-11-09,3.42,3.44,3.77,3.96,4.23,4.64
2007-11-16,3.33,3.3,3.68,3.88,4.15,4.56
2007-11-23,3.07,3.1,3.42,3.67,4.01,4.46
2007-11-30,3.04,3.09,3.41,3.64,3.97,4.44
2007-12-07,3.12,3.15,3.51,3.77,4.12,4.62
2007-12-14,3.31,3.32,3.63,3.88,4.24,4.71
2007-12-21,3.19,3.2,3.58,3.84,4.18,4.62
2007-12-28,3.12,3.13,3.52,3.77,4.11,4.56
2008-01-04,2.74,2.75,3.18,3.47,3.88,4.4
2008-01-11,2.59,2.61,3.06,3.38,3.82,4.4
2008-01-18,2.36,2.39,2.86,3.2,3.66,4.3
2008-01-25,2.23,2.28,2.81,3.15,3.61,4.3
2008-02-01,2.09,2.22,2.75,3.13,3.62,4.31
2008-02-08,1.93,2.1,2.69,3.11,3.64,4.41
2008-02-15,1.91,2.15,2.76,3.21,3.76,4.55
2008-02-22,1.98,2.24,2.81,3.26,3.79,4.55
2008-02-29,1.65,1.87,2.5,2.96,3.53,4.37
2008-03-07,1.53,1.75,2.45,2.94,3.56,4.49
2008-03-14,1.47,1.65,2.37,2.84,3.44,4.3
2008-03-21,1.59,1.71,2.36,2.78,3.34,4.15
2008-03-28,1.67,1.8,2.51,2.91,3.47,4.32
2008-04-04,1.83,1.98,2.63,2.99,3.5,4.32
2008-04-11,1.76,1.94,2.57,2.97,3.49,4.28
2008-04-18,2.19,2.35,2.95,3.29,3.77,4.52
2008-04-25,2.44,2.64,3.2,3.49,3.91,4.61
2008-05-02,2.47,2.64,3.18,3.48,3.89,4.57
2008-05-09,2.25,2.5,2.98,3.33,3.77,4.52
2008-05-16,2.47,2.71,3.12,3.43,3.85,4.57
2008-05-23,2.46,2.73,3.15,3.43,3.85,4.56
2008-05-30,2.66,2.93,3.41,3.68,4.06,4.74
2008-06-06,2.4,2.73,3.2,3.5,3.94,4.67
2008-06-13,3.05,3.38,3.73,3.95,4.27,4.86
2008-06-20,2.88,3.17,3.57,3.81,4.16,4.76
2008-06-27,2.65,2.92,3.36,3.62,3.99,4.58
2008-07-04,2.54,2.82,3.28,3.59,3.99,4.58
2008-07-11,2.59,2.88,3.27,3.55,3.96,4.57
2008-07-18,2.66,2.97,3.42,3.71,4.11,4.71
2008-07-25,2.7,3.01,3.45,3.73,4.13,4.75
2008-08-01,2.51,2.79,3.23,3.54,3.97,4.61
2008-08-08,2.51,2.8,3.21,3.51,3.94,4.58
2008-08-15,2.4,2.67,3.11,3.42,3.84,4.5
2008-08-22,2.42,2.7,3.14,3.45,3.87,4.5
2008-08-29,2.36,2.6,3.1,3.45,3.83,4.47
2008-09-05,2.23,2.44,2.91,3.24,3.66,4.31
2008-09-12,2.23,2.45,2.97,3.32,3.74,4.36
2008-09-19,2.16,2.42,3.01,3.37,3.78,4.42
2008-09-26,2.11,2.38,3.05,3.41,3.85,4.44
2008-10-03,1.6,1.86,2.64,3.09,3.63,4.26
2008-10-10,1.62,1.87,2.77,3.27,3.89,4.41
2008-10-17,1.64,1.9,2.83,3.3,3.98,4.66
2008-10-24,1.57,1.8,2.64,3.09,3.76,4.44
2008-10-31,1.56,1.8,2.8,3.29,4.01,4.74
2008-11-07,1.33,1.71,2.56,3.11,3.83,4.57
2008-11-14,1.22,1.53,2.33,2.94,3.72,4.43
2008-11-21,1.09,1.35,2.02,2.53,3.2,3.93
2008-11-28,1.0,1.27,1.93,2.35,2.93,3.71
2008-12-05,0.93,1.19,1.67,2.09,2.67,3.41
2008-12-12,0.78,1.05,1.55,1.98,2.6,3.36
2008-12-19,0.74,1.02,1.35,1.66,2.13,2.89
2008-12-26,0.89,1.08,1.51,1.8,2.16,2.91
2009-01-02,0.88,1.14,1.72,2.07,2.46,3.22
2009-01-09,0.75,1.11,1.51,1.88,2.43,3.39
2009-01-16,0.73,1.05,1.47,1.83,2.36,3.22
2009-01-23,0.83,1.16,1.64,2.05,2.65,3.65
2009-01-30,0.94,1.32,1.85,2.27,2.87,3.86
2009-02-06,0.99,1.44,1.97,2.4,3.05,3.94
2009-02-13,0.97,1.37,1.88,2.29,2.89,3.91
2009-02-20,0.96,1.3,1.81,2.21,2.78,3.82
2009-02-27,1.0,1.4,1.99,2.69,3.02,3.98
2009-03-06,0.91,1.34,1.83,2.49,2.83,3.74
2009-03-13,0.98,1.36,1.87,2.48,2.89,3.84
2009-03-20,0.89,1.23,1.66,2.18,2.65,3.67
2009-03-27,0.9,1.27,1.79,2.36,2.78,3.66
2009-04-03,0.96,1.36,1.87,2.51,2.91,3.77
2009-04-10,0.96,1.36,1.9,2.49,2.96,3.85
2009-04-17,0.99,1.36,1.91,2.48,2.98,3.91
2009-04-24,0.99,1.38,1.96,2.56,3.03,3.99
2009-05-01,0.92,1.39,2.03,2.72,3.21,4.14
2009-05-08,1.0,1.44,2.15,2.78,3.29,4.25
2009-05-15,0.88,1.3,2.01,2.65,3.14,4.07
2009-05-22,0.92,1.39,2.23,2.96,3.45,4.36
2009-05-29,0.92,1.42,2.34,3.06,3.47,4.34
2009-06-05,1.32,1.88,2.85,3.53,3.84,4.64
2009-06-12,1.3,1.91,2.81,3.46,3.81,4.63
2009-06-19,1.25,1.84,2.82,3.45,3.79,4.54
2009-06-26,1.1,1.63,2.53,3.18,3.52,4.28
2009-07-03,0.98,1.52,2.43,3.14,3.51,4.28
2009-07-10,0.91,1.4,2.22,2.89,3.32,4.16
2009-07-17,1.02,1.58,2.52,3.21,3.67,4.51
2009-07-24,1.05,1.59,2.57,3.25,3.7,4.53
2009-07-31,1.13,1.62,2.53,3.14,3.52,4.29
2009-08-07,1.32,1.87,2.84,3.5,3.89,4.59
2009-08-14,1.07,1.61,2.51,3.17,3.55,4.33
2009-08-21,1.13,1.65,2.58,3.21,3.56,4.32
2009-08-28,1.01,1.55,2.46,3.09,3.46,4.17
2009-09-04,0.94,1.46,2.36,3.06,3.45,4.21
2009-09-11,0.9,1.42,2.29,2.93,3.34,4.1
2009-09-18,1.03,1.57,2.49,3.12,3.49,4.2
2009-09-25,0.98,1.49,2.36,2.98,3.34,4.07
2009-10-02,0.88,1.38,2.22,2.83,3.24,3.98
2009-10-09,0.98,1.5,2.36,2.98,3.4,4.2
2009-10-16,0.97,1.49,2.37,2.99,3.43,4.22
2009-10-23,1.04,1.57,2.46,3.1,3.51,4.27
2009-10-30,0.9,1.43,2.31,2.98,3.41,4.19
2009-11-06,0.86,1.4,2.3,3.02,3.54,4.35
2009-11-13,0.82,1.34,2.28,2.97,3.43,4.29
2009-11-20,0.75,1.25,2.2,2.9,3.36,4.2
2009-11-27,0.68,1.15,2.03,2.71,3.21,4.07
2009-12-04,0.84,1.34,2.24,2.97,3.48,4.31
2009-12-11,0.83,1.3,2.26,3.02,3.55,4.39
2009-12-18,0.82,1.32,2.3,3.04,3.55,4.36
2009-12-25,1.0,1.56,2.57,3.32,3.82,4.6
2010-01-01,1.14,1.7,2.69,3.39,3.85,4.58
2010-01-08,0.96,1.56,2.57,3.31,3.83,4.61
2010-01-15,0.89,1.44,2.44,3.17,3.7,4.48
2010-01-22,0.84,1.39,2.37,3.09,3.62,4.38
2010-01-29,0.82,1.38,2.34,3.08,3.63,4.38
2010-02-05,0.77,1.28,2.23,3.0,3.59,4.36
2010-02-12,0.84,1.38,2.35,3.11,3.69,4.52
2010-02-19,0.95,1.51,2.48,3.24,3.78,4.58
2010-02-26,0.81,1.36,2.3,3.05,3.61,4.4
2010-03-05,0.91,1.43,2.35,3.1,3.69,4.49
2010-03-12,0.97,1.5,2.42,3.15,3.71,4.47
2010-03-19,1.02,1.56,2.48,3.16,3.7,4.41
2010-03-26,1.04,1.64,2.59,3.31,3.86,4.6
2010-04-02,1.11,1.7,2.67,3.4,3.96,4.65
2010-04-09,1.08,1.68,2.65,3.34,3.9,4.58
2010-04-16,0.98,1.56,2.49,3.2,3.79,4.5
2010-04-23,1.1,1.68,2.61,3.3,3.84,4.51
2010-04-30,0.97,1.51,2.43,3.12,3.69,4.36
2010-05-07,0.83,1.32,2.17,2.87,3.45,4.11
2010-05-14,0.79,1.28,2.16,2.87,3.44,4.13
2010-05-21,0.76,1.19,2.02,2.67,3.2,3.91
2010-05-28,0.76,1.26,2.1,2.75,3.31,4.05
2010-06-04,0.72,1.17,1.98,2.65,3.2,3.95
2010-06-11,0.75,1.21,2.03,2.68,3.24,3.97
2010-06-18,0.74,1.2,2.04,2.7,3.24,3.97
2010-06-25,0.65,1.07,1.9,2.57,3.12,3.89
2010-07-02,0.63,1.04,1.82,2.46,3.0,3.77
2010-07-09,0.63,1.03,1.85,2.52,3.07,3.85
2010-07-16,0.61,0.94,1.7,2.37,2.96,3.74
2010-07-23,0.6,0.94,1.75,2.43,3.02,3.81
2010-07-30,0.55,0.84,1.6,2.3,2.94,3.74
2010-08-06,0.5,0.78,1.51,2.21,2.86,3.71
2010-08-13,0.54,0.81,1.47,2.07,2.68,3.56
2010-08-20,0.49,0.78,1.47,2.07,2.62,3.38
2010-08-27,0.56,0.83,1.49,2.09,2.66,3.41
2010-09-03,0.52,0.81,1.49,2.14,2.72,3.49
2010-09-10,0.58,0.88,1.59,2.24,2.81,3.58
2010-09-17,0.48,0.75,1.46,2.14,2.75,3.6
2010-09-24,0.45,0.69,1.37,2.01,2.62,3.5
2010-10-01,0.42,0.63,1.26,1.9,2.54,3.4
2010-10-08,0.35,0.54,1.11,1.75,2.41,3.39
2010-10-15,0.37,0.59,1.2,1.88,2.59,3.62
2010-10-22,0.35,0.54,1.17,1.88,2.59,3.59
2010-10-29,0.34,0.51,1.17,1.89,2.63,3.64
2010-11-05,0.38,0.51,1.1,1.77,2.58,3.69
2010-11-12,0.51,0.73,1.35,1.98,2.76,3.88
2010-11-19,0.52,0.78,1.54,2.2,2.88,3.91
2010-11-26,0.51,0.78,1.53,2.21,2.87,3.88
2010-12-03,0.49,0.8,1.64,2.36,3.03,4.01
2010-12-10,0.64,1.03,1.98,2.7,3.32,4.19
2010-12-17,0.61,0.99,1.97,2.69,3.33,4.19
2010-12-24,0.67,1.1,2.09,2.8,3.41,4.26
2010-12-31,0.61,1.02,2.01,2.71,3.3,4.13
2011-01-07,0.6,1.02,1.96,2.69,3.34,4.25
2011-01-14,0.59,1.0,1.95,2.66,3.35,4.27
2011-01-21,0.63,1.05,2.04,2.77,3.44,4.33
2011-01-28,0.54,0.96,1.92,2.66,3.36,4.26
2011-02-04,0.77,1.25,2.27,3.01,3.68,4.51
2011-02-11,0.85,1.4,2.38,3.05,3.64,4.49
2011-02-18,0.78,1.32,2.3,2.99,3.59,4.46
2011-02-25,0.72,1.22,2.16,2.84,3.42,4.26
2011-03-04,0.68,1.2,2.17,2.88,3.49,4.34
2011-03-11,0.64,1.12,2.06,2.76,3.4,4.29
2011-03-18,0.61,1.05,1.96,2.64,3.28,4.17
2011-03-25,0.79,1.26,2.2,2.87,3.46,4.28
2011-04-01,0.8,1.31,2.24,2.9,3.46,4.27
2011-04-08,0.83,1.34,2.31,2.99,3.59,4.41
2011-04-15,0.71,1.2,2.14,2.81,3.43,4.25
2011-04-22,0.68,1.16,2.14,2.79,3.42,4.24
2011-04-29,0.61,1.01,1.97,2.66,3.32,4.15
2011-05-06,0.57,0.96,1.87,2.54,3.19,4.03
2011-05-13,0.57,0.96,1.86,2.53,3.18,4.03
2011-05-20,0.55,0.92,1.82,2.5,3.15,4.0
2011-05-27,0.48,0.81,1.71,2.39,3.07,3.94
2011-06-03,0.42,0.75,1.6,2.28,2.99,3.9
2011-06-10,0.41,0.71,1.58,2.28,2.99,3.87
2011-06-17,0.38,0.68,1.53,2.23,2.94,3.86
2011-06-24,0.35,0.57,1.4,2.13,2.88,3.83
2011-07-01,0.5,0.85,1.8,2.54,3.22,4.12
2011-07-08,0.4,0.7,1.57,2.32,3.03,3.97
2011-07-15,0.37,0.62,1.46,2.19,2.94,3.92
2011-07-22,0.4,0.66,1.53,2.26,2.99,3.93
2011-07-29,0.36,0.55,1.35,2.09,2.82,3.77
2011-08-05,0.28,0.49,1.23,1.91,2.58,3.49
2011-08-12,0.2,0.32,0.96,1.56,2.24,3.24
2011-08-19,0.2,0.34,0.9,1.43,2.07,2.97
2011-08-26,0.2,0.33,0.94,1.52,2.19,3.13
2011-09-02,0.2,0.33,0.88,1.41,2.02,2.92
2011-09-09,0.17,0.31,0.81,1.34,1.93,2.86
2011-09-16,0.18,0.33,0.94,1.5,2.08,2.96
2011-09-23,0.23,0.37,0.89,1.35,1.84,2.59
2011-09-30,0.25,0.42,0.96,1.43,1.92,2.66
2011-10-07,0.3,0.5,1.08,1.61,2.1,2.78
2011-10-14,0.28,0.5,1.12,1.71,2.26,2.97
2011-10-21,0.3,0.46,1.08,1.66,2.23,2.98
2011-10-28,0.28,0.5,1.13,1.74,2.34,3.09
2011-11-04,0.22,0.37,0.88,1.45,2.06,2.81
2011-11-11,0.24,0.38,0.9,1.45,2.04,2.8
2011-11-18,0.29,0.43,0.94,1.48,2.01,2.69
2011-11-25,0.28,0.41,0.93,1.45,1.97,2.62
2011-12-02,0.25,0.39,0.92,1.49,2.05,2.74
2011-12-09,0.22,0.37,0.89,1.48,2.07,2.79
2011-12-16,0.24,0.35,0.81,1.32,1.86,2.54
2011-12-23,0.28,0.45,0.97,1.49,2.03,2.73
2011-12-30,0.25,0.36,0.83,1.35,1.89,2.57
2012-01-06,0.25,0.4,0.86,1.4,1.98,2.7
2012-01-13,0.24,0.34,0.8,1.32,1.89,2.59
2012-01-20,0.26,0.38,0.91,1.47,2.05,2.78
2012-01-27,0.22,0.32,0.75,1.31,1.93,2.71
2012-02-03,0.23,0.33,0.78,1.35,1.97,2.76
2012-02-10,0.27,0.36,0.81,1.36,1.96,2.75
2012-02-17,0.29,0.42,0.88,1.43,2.01,2.8
2012-02-24,0.31,0.43,0.89,1.41,1.98,2.75
2012-03-02,0.28,0.41,0.84,1.38,1.99,2.77
2012-03-09,0.33,0.46,0.9,1.43,2.04,2.83
2012-03-16,0.37,0.57,1.13,1.7,2.31,3.08
2012-03-23,0.37,0.55,1.1,1.66,2.25,2.99
2012-03-30,0.33,0.51,1.04,1.61,2.23,3.0
2012-04-06,0.32,0.45,0.89,1.42,2.07,2.85
2012-04-13,0.27,0.41,0.86,1.39,2.02,2.77
2012-04-20,0.29,0.4,0.86,1.38,1.99,2.75
2012-04-27,0.26,0.39,0.82,1.34,1.96,2.73
2012-05-04,0.27,0.37,0.78,1.28,1.91,2.67
2012-05-11,0.27,0.36,0.75,1.24,1.84,2.59
2012-05-18,0.32,0.42,0.75,1.16,1.71,2.4
2012-05-25,0.3,0.41,0.76,1.17,1.75,2.44
2012-06-01,0.25,0.34,0.62,0.93,1.47,2.13
2012-06-08,0.28,0.39,0.71,1.09,1.65,2.36
2012-06-15,0.29,0.37,0.68,1.06,1.6,2.3
2012-06-22,0.31,0.42,0.76,1.15,1.69,2.37
2012-06-29,0.33,0.41,0.72,1.11,1.67,2.38
2012-07-06,0.27,0.37,0.64,1.01,1.57,2.28
2012-07-13,0.25,0.34,0.63,0.99,1.52,2.2
2012-07-20,0.22,0.29,0.59,0.95,1.49,2.17
2012-07-27,0.25,0.34,0.65,1.04,1.58,2.27
2012-08-03,0.24,0.33,0.67,1.07,1.6,2.3
2012-08-10,0.27,0.36,0.71,1.11,1.65,2.37
2012-08-17,0.29,0.42,0.81,1.27,1.81,2.55
2012-08-24,0.28,0.37,0.72,1.14,1.68,2.41
2012-08-31,0.22,0.3,0.59,1.01,1.57,2.29
2012-09-07,0.25,0.33,0.64,1.09,1.67,2.42
2012-09-14,0.27,0.35,0.72,1.23,1.88,2.68
2012-09-21,0.27,0.36,0.68,1.14,1.77,2.57
2012-09-28,0.23,0.31,0.62,1.04,1.65,2.42
2012-10-05,0.27,0.34,0.67,1.12,1.75,2.55
2012-10-12,0.27,0.34,0.67,1.09,1.69,2.44
2012-10-19,0.3,0.41,0.77,1.21,1.79,2.55
2012-10-26,0.3,0.41,0.76,1.2,1.78,2.53
2012-11-02,0.28,0.38,0.73,1.16,1.75,2.51
2012-11-09,0.27,0.35,0.65,1.04,1.61,2.34
2012-11-16,0.24,0.32,0.62,1.01,1.58,2.31
2012-11-23,0.29,0.37,0.7,1.12,1.7,2.42
2012-11-30,0.25,0.34,0.61,1.04,1.62,2.37
2012-12-07,0.25,0.33,0.63,1.04,1.64,2.39
2012-12-14,0.24,0.34,0.7,1.15,1.72,2.46
2012-12-21,0.26,0.38,0.75,1.2,1.77,2.52
2012-12-28,0.27,0.36,0.72,1.15,1.73,2.47
2013-01-04,0.27,0.41,0.82,1.32,1.93,2.7
2013-01-11,0.26,0.37,0.78,1.28,1.89,2.65
2013-01-18,0.26,0.38,0.77,1.26,1.87,2.63
2013-01-25,0.28,0.42,0.87,1.36,1.98,2.75
2013-02-01,0.27,0.4,0.88,1.4,2.04,2.83
2013-02-08,0.25,0.39,0.84,1.34,1.99,2.79
2013-02-15,0.29,0.42,0.87,1.38,2.01,2.8
2013-02-22,0.27,0.4,0.84,1.34,1.97,2.77
2013-03-01,0.25,0.35,0.75,1.23,1.86,2.68
2013-03-08,0.27,0.42,0.9,1.43,2.06,2.89
2013-03-15,0.25,0.4,0.84,1.35,2.01,2.85
2013-03-22,0.26,0.39,0.8,1.29,1.93,2.75
2013-03-29,0.25,0.36,0.77,1.24,1.87,2.71
2013-04-05,0.24,0.33,0.68,1.12,1.72,2.5
2013-04-12,0.22,0.33,0.7,1.14,1.75,2.54
2013-04-19,0.24,0.35,0.72,1.14,1.73,2.5
2013-04-26,0.22,0.32,0.68,1.1,1.7,2.47
2013-05-03,0.22,0.34,0.73,1.17,1.78,2.58
2013-05-10,0.26,0.38,0.82,1.28,1.9,2.7
2013-05-17,0.26,0.4,0.84,1.32,1.95,2.77
2013-05-24,0.26,0.41,0.9,1.39,2.01,2.8
2013-05-31,0.3,0.52,1.05,1.55,2.16,2.95
2013-06-07,0.32,0.52,1.1,1.59,2.17,2.98
2013-06-14,0.29,0.49,1.04,1.53,2.14,2.95
2013-06-21,0.38,0.7,1.42,1.95,2.52,3.26
2013-06-28,0.36,0.66,1.41,1.96,2.52,3.22
2013-07-05,0.4,0.77,1.6,2.19,2.73,3.41
2013-07-12,0.37,0.66,1.43,2.0,2.61,3.34
2013-07-19,0.32,0.59,1.31,1.9,2.5,3.25
2013-07-26,0.31,0.59,1.36,1.98,2.58,3.31
2013-08-02,0.3,0.59,1.36,2.01,2.63,3.39
2013-08-09,0.32,0.61,1.36,1.98,2.57,3.36
2013-08-16,0.36,0.73,1.6,2.25,2.84,3.61
2013-08-23,0.4,0.8,1.66,2.27,2.82,3.55
2013-08-30,0.39,0.79,1.62,2.24,2.78,3.46
2013-09-06,0.46,0.91,1.77,2.38,2.94,3.62
2013-09-13,0.45,0.87,1.71,2.32,2.9,3.59
2013-09-20,0.34,0.69,1.5,2.13,2.75,3.5
2013-09-27,0.34,0.64,1.4,2.02,2.64,3.4
2013-10-04,0.33,0.66,1.41,2.05,2.66,3.43
2013-10-11,0.35,0.66,1.42,2.07,2.7,3.45
2013-10-18,0.33,0.62,1.35,1.98,2.6,3.36
2013-10-25,0.32,0.59,1.3,1.9,2.53,3.3
2013-11-01,0.33,0.61,1.37,2.03,2.65,3.4
2013-11-08,0.32,0.62,1.42,2.12,2.77,3.55
2013-11-15,0.31,0.58,1.36,2.06,2.71,3.5
2013-11-22,0.31,0.57,1.37,2.1,2.75,3.54
2013-11-29,0.28,0.56,1.37,2.1,2.75,3.54
2013-12-06,0.3,0.64,1.51,2.23,2.88,3.63
2013-12-13,0.34,0.68,1.55,2.25,2.88,3.61
2013-12-20,0.37,0.74,1.66,2.33,2.89,3.57
2013-12-27,0.4,0.79,1.74,2.44,3.02,3.7
2014-01-03,0.41,0.8,1.73,2.42,3.01,3.69
2014-01-10,0.39,0.77,1.64,2.29,2.88,3.54
2014-01-17,0.4,0.79,1.64,2.27,2.84,3.5
2014-01-24,0.37,0.75,1.58,2.2,2.75,3.4
2014-01-31,0.34,0.69,1.49,2.13,2.67,3.35
2014-02-07,0.3,0.66,1.47,2.13,2.71,3.39
2014-02-14,0.32,0.71,1.53,2.17,2.75,3.41
2014-02-21,0.33,0.71,1.56,2.19,2.73,3.41
2014-02-28,0.33,0.69,1.51,2.13,2.66,3.31
2014-03-07,0.38,0.79,1.65,2.27,2.8,3.45
2014-03-14,0.36,0.74,1.55,2.14,2.65,3.3
2014-03-21,0.45,0.91,1.73,2.3,2.75,3.34
2014-03-28,0.45,0.93,1.74,2.31,2.73,3.29
2014-04-04,0.43,0.89,1.71,2.3,2.74,3.33
2014-04-11,0.37,0.8,1.58,2.16,2.63,3.22
2014-04-18,0.43,0.91,1.75,2.31,2.73,3.27
2014-04-25,0.43,0.9,1.72,2.28,2.68,3.2
2014-05-02,0.42,0.89,1.67,2.2,2.6,3.12
2014-05-09,0.4,0.86,1.63,2.17,2.62,3.18
2014-05-16,0.38,0.8,1.56,2.08,2.52,3.07
2014-05-23,0.37,0.79,1.55,2.09,2.54,3.12
2014-05-30,0.37,0.79,1.54,2.06,2.48,3.05
2014-06-06,0.41,0.86,1.66,2.19,2.6,3.17
2014-06-13,0.45,0.93,1.7,2.21,2.6,3.14
2014-06-20,0.5,0.94,1.71,2.22,2.63,3.18
2014-06-27,0.45,0.88,1.64,2.14,2.54,3.1
2014-07-04,0.52,0.98,1.74,2.25,2.65,3.21
2014-07-11,0.48,0.92,1.65,2.13,2.53,3.07
2014-07-18,0.51,0.97,1.69,2.14,2.5,3.03
2014-07-25,0.53,0.98,1.69,2.14,2.48,2.99
2014-08-01,0.47,0.94,1.67,2.16,2.52,3.03
2014-08-08,0.45,0.91,1.62,2.09,2.44,2.97
2014-08-15,0.42,0.86,1.55,1.99,2.34,2.86
2014-08-22,0.53,0.98,1.68,2.1,2.4,2.9
2014-08-29,0.48,0.94,1.63,2.05,2.35,2.83
2014-09-05,0.52,0.99,1.69,2.14,2.46,2.97
2014-09-12,0.58,1.07,1.83,2.29,2.62,3.1
2014-09-19,0.59,1.09,1.83,2.29,2.59,3.05
2014-09-26,0.59,1.08,1.8,2.24,2.54,2.99
2014-10-03,0.57,1.05,1.73,2.16,2.45,2.89
2014-10-10,0.45,0.89,1.55,1.99,2.31,2.77
2014-10-17,0.39,0.79,1.44,1.88,2.22,2.7
2014-10-24,0.41,0.82,1.52,1.96,2.29,2.77
2014-10-31,0.5,0.95,1.62,2.05,2.35,2.81
2014-11-07,0.51,0.95,1.6,2.01,2.32,2.76
2014-11-14,0.54,0.96,1.62,2.02,2.32,2.77
2014-11-21,0.53,0.96,1.63,2.03,2.31,2.75
2014-11-28,0.47,0.88,1.49,1.89,2.18,2.62
2014-12-05,0.65,1.09,1.69,2.06,2.31,2.69
2014-12-12,0.56,0.98,1.53,1.86,2.1,2.45
2014-12-19,0.67,1.1,1.66,1.98,2.17,2.48
2014-12-26,0.73,1.19,1.75,2.07,2.25,2.54
2015-01-02,0.66,1.07,1.61,1.92,2.12,2.41
2015-01-09,0.59,0.96,1.45,1.75,1.98,2.29
2015-01-16,0.49,0.8,1.29,1.6,1.83,2.17
2015-01-23,0.52,0.86,1.33,1.62,1.81,2.12
2015-01-30,0.47,0.77,1.18,1.49,1.68,2.04
2015-02-06,0.65,1.03,1.48,1.77,1.95,2.28
2015-02-13,0.66,1.03,1.53,1.84,2.02,2.39
2015-02-20,0.67,1.07,1.61,1.94,2.13,2.5
2015-02-27,0.63,1.01,1.5,1.82,2.0,2.38
2015-03-06,0.73,1.16,1.7,2.04,2.24,2.63
2015-03-13,0.68,1.07,1.6,1.93,2.13,2.48
2015-03-20,0.6,0.95,1.42,1.73,1.93,2.29
2015-03-27,0.58,0.92,1.42,1.74,1.95,2.29
2015-04-03,0.49,0.8,1.26,1.6,1.85,2.24
2015-04-10,0.57,0.91,1.41,1.73,1.96,2.33
2015-04-17,0.51,0.84,1.31,1.63,1.87,2.26
2015-04-24,0.54,0.84,1.34,1.68,1.93,2.36
2015-05-01,0.6,0.97,1.5,1.87,2.12,2.57
2015-05-08,0.59,0.96,1.5,1.89,2.16,2.63
2015-05-15,0.55,0.9,1.46,1.87,2.14,2.66
2015-05-22,0.64,1.01,1.57,1.96,2.21,2.73
2015-05-29,0.61,0.94,1.49,1.86,2.12,2.63
2015-06-05,0.73,1.13,1.75,2.16,2.41,2.87
2015-06-12,0.74,1.12,1.75,2.15,2.39,2.84
2015-06-19,0.65,0.99,1.59,1.99,2.26,2.76
2015-06-26,0.72,1.09,1.75,2.2,2.49,2.98
2015-07-03,0.64,1.01,1.64,2.09,2.4,2.9
2015-07-10,0.65,1.04,1.68,2.12,2.42,2.91
2015-07-17,0.68,1.05,1.67,2.07,2.34,2.77
2015-07-24,0.7,1.04,1.64,2.02,2.27,2.67
2015-07-31,0.67,1.0,1.54,1.93,2.2,2.61
2015-08-07,0.73,1.08,1.59,1.93,2.18,2.52
2015-08-14,0.73,1.08,1.61,1.96,2.2,2.54
2015-08-21,0.64,0.95,1.44,1.79,2.05,2.44
2015-08-28,0.72,1.04,1.52,1.92,2.19,2.61
2015-09-04,0.71,1.0,1.47,1.85,2.13,2.58
2015-09-11,0.71,1.03,1.52,1.89,2.2,2.63
2015-09-18,0.69,0.97,1.45,1.83,2.13,2.58
2015-09-25,0.7,1.0,1.48,1.87,2.17,2.6
2015-10-02,0.58,0.85,1.29,1.67,1.99,2.44
2015-10-09,0.65,0.96,1.41,1.8,2.12,2.55
2015-10-16,0.61,0.91,1.36,1.73,2.04,2.46
2015-10-23,0.66,0.94,1.43,1.81,2.09,2.54
2015-10-30,0.75,1.05,1.52,1.88,2.16,2.57
2015-11-06,0.9,1.23,1.73,2.09,2.34,2.76
2015-11-13,0.86,1.2,1.67,2.05,2.28,2.72
2015-11-20,0.93,1.23,1.7,2.04,2.26,2.68
2015-11-27,0.92,1.23,1.64,1.99,2.22,2.64
2015-12-04,0.96,1.25,1.71,2.06,2.28,2.65
2015-12-11,0.88,1.16,1.56,1.91,2.13,2.49
2015-12-18,0.97,1.27,1.67,2.0,2.19,2.54
2015-12-25,1.03,1.33,1.73,2.06,2.25,2.61
2016-01-01,1.06,1.31,1.76,2.09,2.27,2.67
2016-01-08,0.94,1.2,1.57,1.91,2.13,2.55
2016-01-15,0.85,1.08,1.46,1.79,2.03,2.44
2016-01-22,0.88,1.11,1.49,1.81,2.07,2.46
2016-01-29,0.76,0.97,1.33,1.67,1.94,2.36
2016-02-05,0.74,0.91,1.25,1.58,1.86,2.27
2016-02-12,0.71,0.89,1.2,1.5,1.74,2.15
2016-02-19,0.76,0.91,1.24,1.53,1.76,2.17
2016-02-26,0.8,0.93,1.23,1.55,1.76,2.2
2016-03-04,0.88,1.04,1.38,1.69,1.88,2.29
2016-03-11,0.97,1.16,1.49,1.79,1.98,2.34
2016-03-18,0.84,1.0,1.34,1.66,1.88,2.26
2016-03-25,0.89,1.05,1.39,1.7,1.91,2.28
2016-04-01,0.76,0.9,1.24,1.56,1.79,2.2
2016-04-08,0.7,0.84,1.16,1.47,1.72,2.13
2016-04-15,0.74,0.87,1.22,1.52,1.76,2.14
2016-04-22,0.84,1.01,1.37,1.67,1.89,2.3
2016-04-29,0.77,0.92,1.28,1.6,1.83,2.26
2016-05-06,0.74,0.9,1.23,1.55,1.79,2.2
2016-05-13,0.76,0.91,1.22,1.51,1.71,2.14
2016-05-20,0.89,1.05,1.38,1.65,1.85,2.24
2016-05-27,0.9,1.06,1.39,1.67,1.85,2.25
2016-06-03,0.78,0.92,1.23,1.5,1.71,2.09
2016-06-10,0.73,0.87,1.17,1.44,1.64,2.02
2016-06-17,0.7,0.83,1.13,1.41,1.62,1.99
2016-06-24,0.64,0.76,1.08,1.35,1.57,1.96
2016-07-01,0.59,0.71,1.0,1.27,1.46,1.81
2016-07-08,0.61,0.71,0.95,1.19,1.37,1.69
2016-07-15,0.71,0.87,1.15,1.42,1.6,1.9
2016-07-22,0.71,0.84,1.13,1.4,1.57,1.9
2016-07-29,0.67,0.76,1.03,1.29,1.46,1.78
2016-08-05,0.72,0.86,1.13,1.41,1.59,1.91
2016-08-12,0.71,0.82,1.1,1.36,1.51,1.85
2016-08-19,0.76,0.88,1.17,1.43,1.58,1.93
2016-08-26,0.84,0.96,1.23,1.49,1.62,1.96
2016-09-02,0.8,0.92,1.2,1.47,1.6,1.95
2016-09-09,0.79,0.93,1.23,1.51,1.67,2.05
2016-09-16,0.77,0.91,1.21,1.51,1.7,2.1
2016-09-23,0.77,0.9,1.16,1.44,1.62,2.02
2016-09-30,0.77,0.88,1.14,1.42,1.6,1.99
2016-10-07,0.83,0.99,1.26,1.55,1.73,2.14
2016-10-14,0.84,1.0,1.28,1.58,1.8,2.22
2016-10-21,0.84,0.98,1.25,1.53,1.74,2.15
2016-10-28,0.86,1.02,1.33,1.63,1.86,2.27
2016-11-04,0.8,0.95,1.24,1.55,1.79,2.22
2016-11-11,0.92,1.17,1.56,1.92,2.15,2.58
2016-11-18,1.07,1.36,1.8,2.14,2.34,2.7
2016-11-25,1.12,1.41,1.83,2.18,2.36,2.71
2016-12-02,1.11,1.4,1.84,2.2,2.4,2.78
2016-12-09,1.15,1.43,1.89,2.26,2.47,2.87
2016-12-16,1.28,1.59,2.07,2.41,2.6,2.91
2016-12-23,1.22,1.54,2.04,2.35,2.55,2.86
2016-12-30,1.2,1.47,1.93,2.25,2.45,2.79
2017-01-06,1.22,1.5,1.92,2.23,2.42,2.73
2017-01-13,1.21,1.48,1.9,2.2,2.4,2.71
2017-01-20,1.2,1.5,1.95,2.28,2.48,2.79
2017-01-27,1.22,1.48,1.94,2.28,2.49,2.8
2017-02-03,1.21,1.49,1.93,2.27,2.49,2.82
2017-02-10,1.2,1.47,1.89,2.22,2.41,2.75
2017-02-17,1.21,1.48,1.92,2.23,2.42,2.78
2017-02-24,1.12,1.38,1.8,2.12,2.31,2.69
2017-03-03,1.32,1.59,2.02,2.32,2.49,2.83
2017-03-10,1.36,1.66,2.11,2.4,2.58,2.94
2017-03-17,1.33,1.6,2.03,2.31,2.5,2.86
2017-03-24,1.26,1.52,1.93,2.22,2.4,2.74
2017-03-31,1.27,1.5,1.93,2.22,2.4,2.76
2017-04-07,1.29,1.52,1.92,2.2,2.38,2.74
2017-04-14,1.21,1.4,1.77,2.05,2.24,2.62
2017-04-21,1.2,1.4,1.77,2.05,2.24,2.61
2017-04-28,1.28,1.45,1.81,2.1,2.29,2.67
2017-05-05,1.32,1.52,1.89,2.17,2.36,2.73
2017-05-12,1.29,1.49,1.85,2.13,2.33,2.74
2017-05-19,1.28,1.45,1.79,2.05,2.23,2.63
2017-05-26,1.3,1.46,1.79,2.06,2.25,2.65
2017-06-02,1.28,1.42,1.71,1.96,2.15,2.53
2017-06-09,1.35,1.5,1.77,2.02,2.21,2.59
2017-06-16,1.32,1.48,1.75,1.97,2.16,2.52
2017-06-23,1.34,1.48,1.77,1.98,2.15,2.48
2017-06-30,1.38,1.55,1.89,2.14,2.31,2.61
2017-07-07,1.4,1.6,1.95,2.22,2.39,2.71
2017-07-14,1.35,1.54,1.87,2.13,2.33,2.67
2017-07-21,1.36,1.5,1.81,2.05,2.24,2.57
2017-07-28,1.34,1.51,1.83,2.1,2.3,2.65
2017-08-04,1.36,1.51,1.82,2.08,2.27,2.61
2017-08-11,1.3,1.43,1.74,2.0,2.19,2.55
2017-08-18,1.33,1.47,1.77,2.01,2.19,2.54
2017-08-25,1.35,1.47,1.77,2.0,2.17,2.51
2017-09-01,1.35,1.46,1.73,1.99,2.16,2.51
2017-09-08,1.27,1.39,1.64,1.89,2.06,2.41
2017-09-15,1.39,1.53,1.81,2.04,2.2,2.52
2017-09-22,1.46,1.58,1.88,2.1,2.26,2.57
2017-09-29,1.47,1.62,1.92,2.16,2.33,2.63
2017-10-06,1.54,1.66,1.97,2.2,2.37,2.68
2017-10-13,1.51,1.64,1.91,2.12,2.28,2.58
2017-10-20,1.6,1.72,2.03,2.24,2.39,2.67
2017-10-27,1.59,1.73,2.03,2.26,2.42,2.71
2017-11-03,1.63,1.74,1.99,2.19,2.34,2.59
2017-11-10,1.67,1.79,2.06,2.27,2.4,2.67
2017-11-17,1.73,1.83,2.06,2.23,2.35,2.59
2017-11-24,1.75,1.85,2.07,2.23,2.34,2.58
2017-12-01,1.78,1.9,2.13,2.28,2.37,2.58
2017-12-08,1.8,1.92,2.14,2.29,2.38,2.59
2017-12-15,1.84,1.95,2.16,2.28,2.35,2.52
2017-12-22,1.91,2.01,2.26,2.4,2.48,2.68
2017-12-29,1.89,1.98,2.2,2.33,2.4,2.58
2018-01-05,1.96,2.06,2.29,2.4,2.47,2.64
2018-01-12,1.99,2.12,2.35,2.48,2.55,2.71
2018-01-19,2.06,2.2,2.45,2.57,2.64,2.78
2018-01-26,2.13,2.24,2.47,2.6,2.66,2.79
2018-02-02,2.15,2.33,2.58,2.76,2.84,2.97
2018-02-09,2.05,2.26,2.52,2.72,2.83,3.02
2018-02-16,2.21,2.38,2.63,2.81,2.87,3.02
2018-02-23,2.25,2.39,2.62,2.79,2.88,3.04
2018-03-02,2.25,2.4,2.63,2.79,2.86,3.02
2018-03-09,2.27,2.45,2.65,2.82,2.9,3.04
2018-03-16,2.31,2.44,2.65,2.78,2.85,2.96
2018-03-23,2.28,2.41,2.61,2.74,2.82,2.94
2018-03-30,2.27,2.39,2.56,2.68,2.74,2.85
2018-04-06,2.27,2.4,2.58,2.7,2.77,2.89
2018-04-13,2.37,2.51,2.67,2.77,2.82,2.91
2018-04-20,2.46,2.62,2.8,2.91,2.96,3.04
2018-04-27,2.49,2.62,2.8,2.92,2.96,3.03
2018-05-04,2.51,2.63,2.78,2.9,2.95,3.02
2018-05-11,2.54,2.69,2.84,2.94,2.97,3.03
2018-05-18,2.55,2.71,2.9,3.02,3.06,3.14
2018-05-25,2.48,2.6,2.76,2.88,2.93,3.01
2018-06-01,2.47,2.61,2.74,2.85,2.89,2.96
2018-06-08,2.5,2.63,2.77,2.88,2.93,3.0
2018-06-15,2.55,2.68,2.81,2.89,2.93,2.98
2018-06-22,2.56,2.65,2.77,2.86,2.9,2.97
2018-06-29,2.52,2.63,2.73,2.81,2.85,2.91
2018-07-06,2.53,2.64,2.71,2.78,2.82,2.87
2018-07-13,2.59,2.66,2.73,2.8,2.83,2.87
2018-07-20,2.6,2.68,2.77,2.85,2.89,2.96
2018-07-27,2.67,2.76,2.84,2.92,2.96,3.03
2018-08-03,2.63,2.74,2.82,2.91,2.95,3.03
2018-08-10,2.61,2.68,2.75,2.82,2.87,2.96
2018-08-17,2.61,2.68,2.75,2.82,2.87,2.95
2018-08-24,2.63,2.68,2.72,2.78,2.82,2.89
2018-08-31,2.62,2.7,2.74,2.81,2.86,2.95
2018-09-07,2.71,2.78,2.82,2.89,2.94,3.03
2018-09-14,2.78,2.85,2.9,2.96,2.99,3.07
2018-09-21,2.81,2.89,2.95,3.03,3.07,3.14
2018-09-28,2.81,2.88,2.94,3.01,3.05,3.13
2018-10-05,2.88,2.99,3.07,3.18,3.23,3.34
2018-10-12,2.85,2.93,3.0,3.09,3.15,3.25
2018-10-19,2.92,2.99,3.05,3.14,3.2,3.31
2018-10-26,2.81,2.85,2.91,3.0,3.08,3.23
2018-11-02,2.91,2.98,3.04,3.13,3.22,3.37
2018-11-09,2.94,3.01,3.05,3.13,3.19,3.32
2018-11-16,2.81,2.85,2.9,2.99,3.08,3.23
2018-11-23,2.81,2.83,2.88,2.97,3.05,3.21
2018-11-30,2.8,2.83,2.84,2.92,3.01,3.19
2018-12-07,2.72,2.72,2.7,2.77,2.85,3.01
2018-12-14,2.73,2.72,2.73,2.81,2.89,3.03
2018-12-21,2.63,2.61,2.64,2.72,2.79,2.92
2018-12-28,2.52,2.5,2.56,2.63,2.72,2.89
2019-01-04,2.5,2.47,2.49,2.56,2.67,2.83
2019-01-11,2.55,2.51,2.52,2.6,2.71,2.9
2019-01-18,2.62,2.6,2.62,2.7,2.79,2.95
2019-01-25,2.6,2.58,2.59,2.66,2.76,2.92
2019-02-01,2.52,2.5,2.51,2.59,2.7,2.88
2019-02-08,2.45,2.43,2.44,2.53,2.63,2.82
2019-02-15,2.52,2.5,2.49,2.57,2.66,2.84
2019-02-22,2.48,2.46,2.47,2.55,2.65,2.86
2019-03-01,2.55,2.54,2.56,2.67,2.76,2.97
2019-03-08,2.45,2.43,2.42,2.51,2.62,2.83
2019-03-15,2.43,2.39,2.4,2.49,2.59,2.83
2019-03-22,2.31,2.24,2.24,2.34,2.44,2.69
2019-03-29,2.27,2.21,2.23,2.31,2.41,2.63
2019-04-05,2.35,2.3,2.31,2.4,2.5,2.72
2019-04-12,2.4,2.36,2.38,2.47,2.56,2.78
2019-04-19,2.38,2.36,2.38,2.46,2.57,2.78
2019-04-26,2.28,2.25,2.29,2.39,2.51,2.74
2019-05-03,2.33,2.3,2.33,2.43,2.54,2.75
2019-05-10,2.26,2.23,2.26,2.37,2.47,2.7
2019-05-17,2.2,2.15,2.17,2.27,2.39,2.63
2019-05-24,2.16,2.1,2.12,2.22,2.32,2.57
2019-05-31,1.95,1.9,1.93,2.03,2.14,2.39
2019-06-07,1.85,1.82,1.85,1.97,2.09,2.36
2019-06-14,1.84,1.79,1.85,1.96,2.09,2.38
2019-06-21,1.77,1.74,1.8,1.93,2.07,2.37
2019-06-28,1.75,1.71,1.76,1.87,2.0,2.31
2019-07-05,1.87,1.82,1.84,1.93,2.04,2.34
2019-07-12,1.84,1.81,1.86,1.98,2.12,2.42
2019-07-19,1.8,1.77,1.8,1.91,2.05,2.35
2019-07-26,1.86,1.83,1.85,1.95,2.08,2.38
2019-08-02,1.72,1.67,1.66,1.75,1.86,2.16
2019-08-09,1.63,1.58,1.57,1.65,1.74,2.03
2019-08-16,1.48,1.44,1.42,1.49,1.55,1.82
2019-08-23,1.51,1.43,1.4,1.46,1.52,1.82
2019-08-30,1.5,1.42,1.39,1.45,1.5,1.78
2019-09-06,1.53,1.46,1.42,1.5,1.55,1.83
2019-09-13,1.79,1.76,1.75,1.83,1.9,2.17
2019-09-20,1.69,1.63,1.61,1.68,1.74,1.99
2019-09-27,1.63,1.58,1.56,1.62,1.69,1.95
2019-10-04,1.4,1.35,1.34,1.43,1.52,1.81
2019-10-11,1.63,1.6,1.59,1.68,1.76,2.04
2019-10-18,1.58,1.56,1.56,1.66,1.76,2.06
2019-10-25,1.63,1.62,1.62,1.71,1.8,2.1
2019-11-01,1.56,1.55,1.55,1.63,1.73,2.03
2019-11-08,1.68,1.7,1.74,1.86,1.94,2.27
2019-11-15,1.61,1.61,1.65,1.75,1.84,2.16
2019-11-22,1.61,1.6,1.62,1.71,1.77,2.08
2019-11-29,1.61,1.61,1.62,1.73,1.78,2.07
2019-12-06,1.61,1.64,1.67,1.78,1.84,2.14
2019-12-13,1.61,1.62,1.66,1.76,1.82,2.11
2019-12-20,1.63,1.67,1.73,1.84,1.92,2.21
2019-12-27,1.59,1.6,1.68,1.8,1.88,2.18
2020-01-03,1.53,1.54,1.59,1.71,1.8,2.11
2020-01-10,1.56,1.59,1.63,1.74,1.83,2.14
2020-01-17,1.58,1.56,1.63,1.74,1.84,2.16
2020-01-24,1.49,1.48,1.51,1.61,1.7,2.0
2020-01-31,1.33,1.3,1.32,1.42,1.51,1.83
2020-02-07,1.41,1.39,1.41,1.51,1.59,1.89
2020-02-14,1.42,1.4,1.42,1.51,1.59,1.89
2020-02-21,1.34,1.3,1.3,1.39,1.46,1.75
2020-02-28,0.86,0.85,0.89,1.03,1.13,1.46
2020-03-06,0.49,0.53,0.58,0.69,0.74,1.09
2020-03-13,0.49,0.58,0.7,0.89,0.94,1.31
2020-03-20,0.37,0.41,0.52,0.82,0.92,1.35
2020-03-27,0.25,0.3,0.41,0.6,0.72,1.09
2020-04-03,0.23,0.3,0.39,0.52,0.62,1.05
2020-04-10,0.23,0.29,0.41,0.6,0.73,1.15
2020-04-17,0.2,0.26,0.36,0.53,0.65,1.08
2020-04-24,0.22,0.26,0.36,0.51,0.6,0.98
2020-05-01,0.2,0.25,0.36,0.53,0.64,1.04
2020-05-08,0.16,0.21,0.33,0.53,0.69,1.12
2020-05-15,0.16,0.19,0.31,0.49,0.64,1.05
2020-05-22,0.17,0.21,0.34,0.51,0.66,1.12
2020-05-29,0.16,0.19,0.3,0.5,0.65,1.18
2020-06-05,0.22,0.29,0.47,0.71,0.91,1.46
2020-06-12,0.19,0.22,0.33,0.54,0.71,1.24
2020-06-19,0.19,0.22,0.33,0.53,0.7,1.23
2020-06-26,0.17,0.19,0.3,0.49,0.64,1.15
2020-07-03,0.16,0.19,0.29,0.5,0.68,1.2
2020-07-10,0.16,0.19,0.3,0.49,0.65,1.12
2020-07-17,0.14,0.18,0.29,0.47,0.64,1.11
2020-07-24,0.14,0.17,0.27,0.44,0.59,1.03
2020-07-31,0.11,0.11,0.21,0.39,0.55,0.98
2020-08-07,0.13,0.14,0.23,0.41,0.57,1.01
2020-08-14,0.14,0.18,0.29,0.51,0.71,1.21
2020-08-21,0.16,0.16,0.27,0.46,0.64,1.13
2020-08-28,0.14,0.16,0.28,0.51,0.74,1.29
2020-09-04,0.14,0.18,0.3,0.5,0.72,1.25
2020-09-11,0.13,0.16,0.26,0.45,0.67,1.21
2020-09-18,0.14,0.16,0.29,0.48,0.7,1.24
2020-09-25,0.12,0.15,0.26,0.45,0.66,1.19
2020-10-02,0.13,0.16,0.28,0.48,0.7,1.25
2020-10-09,0.16,0.2,0.34,0.55,0.79,1.34
2020-10-16,0.14,0.18,0.32,0.53,0.76,1.3
2020-10-23,0.18,0.21,0.37,0.61,0.85,1.41
2020-10-30,0.14,0.19,0.38,0.64,0.88,1.43
2020-11-06,0.16,0.21,0.36,0.59,0.83,1.37
2020-11-13,0.17,0.23,0.41,0.65,0.89,1.43
2020-11-20,0.16,0.21,0.38,0.62,0.83,1.33
2020-11-27,0.16,0.2,0.37,0.61,0.84,1.36
2020-12-04,0.16,0.21,0.42,0.7,0.97,1.53
2020-12-11,0.11,0.18,0.37,0.63,0.9,1.42
2020-12-18,0.13,0.19,0.39,0.67,0.95,1.49
2020-12-25,0.13,0.17,0.37,0.66,0.94,1.46
2021-01-01,0.13,0.17,0.36,0.65,0.93,1.45
2021-01-08,0.14,0.24,0.49,0.81,1.13,1.67
2021-01-15,0.13,0.2,0.46,0.78,1.11,1.66
2021-01-22,0.13,0.19,0.44,0.77,1.1,1.66
2021-01-29,0.11,0.19,0.45,0.79,1.11,1.68
2021-02-05,0.09,0.19,0.47,0.83,1.19,1.79
2021-02-12,0.11,0.2,0.5,0.85,1.2,1.83
2021-02-19,0.11,0.22,0.59,0.98,1.34,1.98
2021-02-26,0.14,0.3,0.75,1.15,1.44,2.08
2021-03-05,0.14,0.32,0.79,1.23,1.56,2.18
2021-03-12,0.14,0.34,0.85,1.3,1.64,2.31
2021-03-19,0.16,0.33,0.9,1.38,1.74,2.36
2021-03-26,0.14,0.31,0.85,1.32,1.67,2.27
2021-04-02,0.19,0.39,0.97,1.42,1.72,2.27
2021-04-09,0.16,0.35,0.87,1.33,1.67,2.23
2021-04-16,0.16,0.34,0.84,1.26,1.59,2.15
2021-04-23,0.16,0.34,0.83,1.26,1.58,2.14
2021-04-30,0.16,0.35,0.86,1.32,1.65,2.19
2021-05-07,0.14,0.29,0.77,1.24,1.6,2.17
2021-05-14,0.16,0.33,0.82,1.29,1.63,2.25
2021-05-21,0.17,0.34,0.84,1.29,1.63,2.24
2021-05-28,0.14,0.3,0.79,1.24,1.58,2.18
2021-06-04,0.14,0.32,0.78,1.23,1.56,2.16
2021-06-11,0.16,0.31,0.76,1.16,1.47,2.08
2021-06-18,0.26,0.47,0.89,1.22,1.45,1.97
2021-06-25,0.28,0.48,0.92,1.29,1.54,2.09
2021-07-02,0.24,0.45,0.86,1.19,1.44,1.98
2021-07-09,0.23,0.41,0.79,1.12,1.37,1.91
2021-07-16,0.25,0.43,0.79,1.08,1.31,1.86
2021-07-23,0.22,0.38,0.72,1.04,1.3,1.85
2021-07-30,0.19,0.35,0.69,1.0,1.24,1.81
2021-08-06,0.21,0.42,0.77,1.07,1.31,1.85
2021-08-13,0.23,0.44,0.79,1.08,1.29,1.85
2021-08-20,0.23,0.44,0.8,1.06,1.26,1.79
2021-08-27,0.22,0.41,0.79,1.09,1.31,1.84
2021-09-03,0.21,0.42,0.78,1.09,1.33,1.87
2021-09-10,0.23,0.45,0.82,1.12,1.35,1.86
2021-09-17,0.23,0.47,0.88,1.17,1.37,1.85
2021-09-24,0.29,0.55,0.97,1.27,1.47,1.94
2021-10-01,0.27,0.49,0.93,1.26,1.48,1.99
2021-10-08,0.32,0.59,1.05,1.39,1.61,2.11
2021-10-15,0.41,0.7,1.13,1.42,1.59,2.02
2021-10-22,0.48,0.79,1.22,1.49,1.66,2.06
2021-10-29,0.48,0.75,1.18,1.44,1.55,1.98
2021-11-05,0.39,0.66,1.04,1.3,1.45,1.88
2021-11-12,0.53,0.85,1.24,1.47,1.58,1.99
2021-11-19,0.52,0.86,1.22,1.45,1.54,1.95
2021-11-26,0.5,0.81,1.16,1.4,1.48,1.89
2021-12-03,0.6,0.86,1.13,1.29,1.35,1.77
2021-12-10,0.67,0.98,1.25,1.42,1.48,1.91
2021-12-17,0.66,0.93,1.18,1.34,1.41,1.87
2021-12-24,0.71,0.97,1.25,1.42,1.5,1.94
2021-12-31,0.73,0.97,1.26,1.44,1.52,1.94
2022-01-07,0.87,1.17,1.5,1.69,1.76,2.15
2022-01-14,0.99,1.26,1.55,1.72,1.78,2.18
2022-01-21,1.01,1.28,1.54,1.7,1.75,2.13
2022-01-28,1.15,1.38,1.61,1.74,1.78,2.14
2022-02-04,1.31,1.55,1.78,1.9,1.93,2.29
2022-02-11,1.5,1.71,1.84,1.92,1.92,2.3
2022-02-18,1.47,1.68,1.82,1.9,1.92,2.3
2022-02-25,1.55,1.76,1.86,1.96,1.97,2.37
2022-03-04,1.5,1.62,1.65,1.7,1.74,2.23
2022-03-11,1.75,1.91,1.96,2.01,2.0,2.45
2022-03-18,1.97,2.15,2.14,2.17,2.14,2.53
2022-03-25,2.3,2.51,2.55,2.56,2.48,2.74
2022-04-01,2.44,2.61,2.55,2.5,2.39,2.6
2022-04-08,2.53,2.73,2.76,2.79,2.72,2.94
2022-04-15,2.47,2.67,2.79,2.84,2.83,3.09
2022-04-22,2.72,2.88,2.94,2.95,2.9,3.14
2022-04-29,2.7,2.87,2.92,2.94,2.89,3.14
2022-05-06,2.72,2.94,3.06,3.13,3.12,3.43
2022-05-13,2.61,2.79,2.89,2.95,2.93,3.32
2022-05-20,2.6,2.73,2.8,2.82,2.78,3.17
2022-05-27,2.47,2.64,2.71,2.76,2.74,3.16
2022-06-03,2.66,2.87,2.95,2.99,2.96,3.33
2022-06-10,3.06,3.21,3.25,3.24,3.15,3.45
2022-06-17,3.17,3.35,3.34,3.34,3.25,3.55
2022-06-24,3.04,3.13,3.18,3.19,3.13,3.51
2022-07-01,2.84,2.85,2.88,2.92,2.88,3.35
2022-07-08,3.12,3.14,3.13,3.16,3.09,3.53
2022-07-15,3.13,3.14,3.05,3.03,2.93,3.34
2022-07-22,2.98,2.93,2.87,2.85,2.77,3.23
2022-07-29,2.89,2.83,2.7,2.7,2.67,3.2
2022-08-05,3.24,3.18,2.97,2.91,2.83,3.27
2022-08-12,3.25,3.18,2.97,2.92,2.84,3.34
2022-08-19,3.25,3.28,3.11,3.06,2.98,3.44
2022-08-26,3.37,3.4,3.2,3.14,3.04,3.44
2022-09-02,3.4,3.44,3.3,3.29,3.2,3.61
2022-09-09,3.56,3.61,3.45,3.42,3.33,3.71
2022-09-16,3.85,3.81,3.62,3.56,3.45,3.79
2022-09-23,4.2,4.21,3.96,3.85,3.69,3.87
2022-09-30,4.22,4.25,4.06,3.97,3.83,4.08
2022-10-07,4.3,4.33,4.14,4.03,3.89,4.13
2022-10-14,4.48,4.47,4.25,4.15,4.0,4.26
2022-10-21,4.49,4.52,4.34,4.28,4.21,4.54
2022-10-28,4.41,4.38,4.19,4.1,4.02,4.38
2022-11-04,4.66,4.58,4.33,4.26,4.17,4.49
2022-11-11,4.34,4.17,3.95,3.89,3.82,4.24
2022-11-18,4.51,4.28,3.99,3.92,3.82,4.13
2022-11-25,4.42,4.2,3.85,3.78,3.68,3.97
2022-12-02,4.28,3.99,3.67,3.61,3.51,3.79
2022-12-09,4.33,4.07,3.75,3.69,3.57,3.82
2022-12-16,4.17,3.91,3.61,3.58,3.48,3.73
2022-12-23,4.31,4.09,3.86,3.83,3.75,3.99
2022-12-30,4.41,4.22,3.99,3.96,3.88,4.14
2023-01-06,4.24,3.96,3.69,3.63,3.55,3.84
2023-01-13,4.22,3.88,3.6,3.55,3.49,3.79
2023-01-20,4.14,3.83,3.56,3.51,3.48,3.77
2023-01-27,4.19,3.9,3.62,3.58,3.52,3.77
2023-02-03,4.3,3.96,3.67,3.61,3.53,3.77
2023-02-10,4.5,4.19,3.93,3.86,3.74,3.96
2023-02-17,4.6,4.33,4.03,3.95,3.82,4.01
2023-02-24,4.78,4.52,4.19,4.1,3.95,4.11
2023-03-03,4.86,4.6,4.26,4.15,3.97,4.12
2023-03-10,4.6,4.31,3.96,3.86,3.7,3.9
2023-03-17,3.81,3.68,3.44,3.45,3.39,3.76
2023-03-24,3.76,3.58,3.41,3.4,3.38,3.77
2023-03-31,4.06,3.81,3.6,3.55,3.48,3.81
2023-04-07,3.97,3.72,3.49,3.45,3.39,3.73
2023-04-14,4.08,3.83,3.6,3.56,3.52,3.85
2023-04-21,4.17,3.89,3.66,3.62,3.57,3.9
2023-04-28,4.04,3.75,3.51,3.49,3.44,3.8
2023-05-05,3.92,3.63,3.41,3.41,3.44,3.85
2023-05-12,3.98,3.65,3.45,3.45,3.46,3.87
2023-05-19,4.28,3.98,3.76,3.74,3.7,4.07
2023-05-26,4.54,4.23,3.92,3.86,3.8,4.13
2023-06-02,4.5,4.13,3.84,3.78,3.69,4.03
2023-06-09,4.59,4.23,3.92,3.84,3.75,4.05
2023-06-16,4.7,4.32,3.99,3.88,3.77,4.05
2023-06-23,4.71,4.32,3.99,3.88,3.74,4.01
2023-06-30,4.87,4.49,4.13,3.97,3.81,4.06
2023-07-07,4.94,4.64,4.35,4.23,4.06,4.27
2023-07-14,4.74,4.35,4.04,3.94,3.83,4.11
2023-07-21,4.82,4.44,4.09,3.97,3.84,4.1
2023-07-28,4.87,4.52,4.18,4.08,3.96,4.22
2023-08-04,4.78,4.45,4.15,4.1,4.05,4.36
2023-08-11,4.89,4.56,4.31,4.26,4.16,4.45
2023-08-18,4.92,4.63,4.38,4.34,4.26,4.55
2023-08-25,5.03,4.72,4.44,4.37,4.25,4.5
2023-09-01,4.87,4.57,4.29,4.27,4.18,4.48
2023-09-08,4.98,4.68,4.39,4.35,4.26,4.52
2023-09-15,5.02,4.72,4.45,4.41,4.33,4.59
2023-09-22,5.1,4.8,4.57,4.53,4.44,4.7
2023-09-29,5.03,4.8,4.6,4.61,4.59,4.92
2023-10-06,5.08,4.87,4.75,4.79,4.78,5.13
2023-10-13,5.04,4.8,4.65,4.66,4.63,4.97
2023-10-20,5.07,4.93,4.86,4.93,4.93,5.27
2023-10-27,4.99,4.84,4.76,4.83,4.84,5.19
2023-11-03,4.83,4.62,4.49,4.55,4.57,4.93
2023-11-10,5.04,4.8,4.65,4.68,4.61,4.93
2023-11-17,4.88,4.64,4.45,4.47,4.44,4.8
2023-11-24,4.92,4.67,4.49,4.51,4.47,4.79
2023-12-01,4.56,4.31,4.14,4.22,4.22,4.58
2023-12-08,4.71,4.45,4.24,4.28,4.23,4.49
2023-12-15,4.44,4.13,3.91,3.94,3.91,4.19
2023-12-22,4.31,4.04,3.87,3.92,3.9,4.21
2023-12-29,4.23,4.01,3.84,3.88,3.88,4.2
