Date,Level,Slope 20Y-2Y,Curvature 2*10Y-2Y-20Y
1992-07-03,0.8628772,0.8362216,0.78387237
1992-07-10,0.8516791,0.83114064,0.79662806
1992-07-17,0.8259459,0.84146756,0.7878316
1992-07-24,0.7779481,0.8625285,0.7882702
1992-07-31,0.7358886,0.86232364,0.791057
1992-08-07,0.7558038,0.84573877,0.8029436
1992-08-14,0.6384939,0.8718311,0.80821675
1992-08-21,0.62417287,0.8694117,0.8088639
1992-08-28,0.6435494,0.87959194,0.7988004
1992-09-04,0.7807923,0.81515086,0.7812026
1992-09-11,0.76333344,0.8199032,0.78235346
1992-09-18,0.7683263,0.82102495,0.79447335
1992-09-25,0.7347017,0.829616,0.79148966
1992-10-02,0.7033586,0.8345,0.79466164
1992-10-09,0.70743024,0.83833146,0.8026241
1992-10-16,0.7079118,0.8341417,0.7974597
1992-10-23,0.6989353,0.8391129,0.7931435
1992-10-30,0.6773401,0.8466849,0.7964864
1992-11-06,0.70732045,0.82648367,0.7986095
1992-11-13,0.6939601,0.8228586,0.78992695
1992-11-20,0.70893383,0.81067854,0.78217006
1992-11-27,0.70548004,0.82910424,0.777674
1992-12-04,0.6956472,0.8254307,0.7731309
1992-12-11,0.7060495,0.8194824,0.7693082
1992-12-18,0.7215628,0.81656,0.7692049
1992-12-25,0.7129336,0.82429814,0.7651079
1993-01-01,0.70937735,0.8238738,0.7600819
1993-01-08,0.66200244,0.84209806,0.7626288
1993-01-15,0.644272,0.84100723,0.76014555
1993-01-22,0.6625406,0.82341105,0.75268483
1993-01-29,0.64017904,0.8327771,0.7616076
1993-02-05,0.6320448,0.81003726,0.76720834
1993-02-12,0.61189395,0.81561345,0.7558213
1993-02-19,0.6137841,0.8073275,0.7449295
1993-02-26,0.5895753,0.80927587,0.7422207
1993-03-05,0.5268645,0.82644004,0.7469516
1993-03-12,0.55709636,0.82598275,0.7603586
1993-03-19,0.57564956,0.8239818,0.7591571
1993-03-26,0.67145056,0.82162064,0.7679903
1993-04-02,0.668151,0.8300676,0.77182424
1993-04-09,0.6854135,0.81400025,0.77779496
1993-04-16,0.6587847,0.81691563,0.7798308
1993-04-23,0.5812773,0.83322227,0.7779908
1993-04-30,0.67453176,0.80795616,0.8015528
1993-05-07,0.64322025,0.82196623,0.79813945
1993-05-14,0.69467115,0.8006441,0.8026566
1993-05-21,0.7366284,0.7612716,0.80344456
1993-05-28,0.7303839,0.77982247,0.78808874
1993-06-04,0.7188097,0.78104967,0.78736293
1993-06-11,0.6904146,0.7885325,0.78451914
1993-06-18,0.6287305,0.81276244,0.78683406
1993-06-25,0.6632752,0.7809208,0.79885876
1993-07-02,0.63538235,0.7741823,0.7887528
1993-07-09,0.63011616,0.7768699,0.7759197
1993-07-16,0.6030444,0.7888599,0.77733606
1993-07-23,0.5775877,0.7919661,0.7723052
1993-07-30,0.5590701,0.79826015,0.7778485
1993-08-06,0.4857263,0.81871414,0.77431947
1993-08-13,0.48927465,0.8206963,0.76179975
1993-08-20,0.5767619,0.811139,0.7740635
1993-08-27,0.51752836,0.8185997,0.76861733
1993-09-03,0.49115473,0.8123784,0.76172686
1993-09-10,0.49315238,0.79731816,0.7567221
1993-09-17,0.50127757,0.79966235,0.75788915
1993-09-24,0.48733887,0.7872638,0.7529146
1993-10-01,0.459599,0.7970647,0.73950076
1993-10-08,0.42669046,0.7855959,0.7398599
1993-10-15,0.41938373,0.7841411,0.74272525
1993-10-22,0.3514964,0.7946075,0.75335515
1993-10-29,0.30330828,0.78390265,0.75481635
1993-11-05,0.31187144,0.7828782,0.74514294
1993-11-12,0.31396136,0.7796629,0.73962516
1993-11-19,0.34084222,0.75316167,0.7376946
1993-11-26,0.25428805,0.78149974,0.7547991
1993-12-03,0.17445593,0.76394403,0.73234653
1993-12-10,0.17715745,0.7650593,0.7182871
1993-12-17,0.22142032,0.7628542,0.72629654
1993-12-24,0.159975,0.7582857,0.715226
1993-12-31,0.14481023,0.7624147,0.71998394
1994-01-07,0.10996586,0.7718721,0.7059796
1994-01-14,0.25326303,0.7653123,0.71779764
1994-01-21,0.2986688,0.75705165,0.7457663
1994-01-28,0.35405606,0.79002815,0.77302945
1994-02-04,0.4378979,0.73692405,0.77098036
1994-02-11,0.38828877,0.74832857,0.7573085
1994-02-18,0.45333678,0.7256108,0.76062655
1994-02-25,0.50750905,0.7289794,0.760674
1994-03-04,0.59882456,0.7268952,0.7758211
1994-03-11,0.56335384,0.72806245,0.7782455
1994-03-18,0.5638326,0.74567,0.76993954
1994-03-25,0.5936041,0.75599116,0.7671547
1994-04-01,0.5350712,0.7571303,0.7600557
1994-04-08,0.67122763,0.7119626,0.74927086
1994-04-15,0.6216294,0.7155248,0.7413222
1994-04-22,0.63075155,0.70311683,0.7430306
1994-04-29,0.6284544,0.65751183,0.7397879
1994-05-06,0.6286427,0.66487247,0.7443442
1994-05-13,0.5971793,0.6631244,0.7412689
1994-05-20,0.598195,0.6660169,0.7359758
1994-05-27,0.57603896,0.665214,0.73838454
1994-06-03,0.7021258,0.61241055,0.7634373
1994-06-10,0.7133708,0.6133292,0.7629469
1994-06-17,0.78093356,0.5746672,0.7760391
1994-06-24,0.76450294,0.5573848,0.76697165
1994-07-01,0.6468935,0.6681951,0.79456323
1994-07-08,0.6540499,0.67030627,0.795005
1994-07-15,0.670187,0.65385795,0.7944135
1994-07-22,0.6877602,0.6592898,0.7873407
1994-07-29,0.7002385,0.6739511,0.79473984
1994-08-05,0.79138774,0.61757386,0.7904134
1994-08-12,0.7975034,0.6220432,0.78651214
1994-08-19,0.76021034,0.6485137,0.78211045
1994-08-26,0.8002305,0.6366863,0.781175
1994-09-02,0.81228155,0.60344833,0.7762061
1994-09-09,0.7742222,0.62721366,0.7680155
1994-09-16,0.7950371,0.6172107,0.76480174
1994-09-23,0.77942073,0.6230972,0.7641042
1994-09-30,0.8034377,0.58724356,0.76919794
1994-10-07,0.8465307,0.58293,0.770586
1994-10-14,0.8358591,0.6010417,0.7577585
1994-10-21,0.8361579,0.599559,0.7547388
1994-10-28,0.83644265,0.610722,0.7587592
1994-11-04,0.8377722,0.6090547,0.7552644
1994-11-11,0.8160302,0.6378312,0.7658818
1994-11-18,0.82779586,0.6043604,0.76166034
1994-11-25,0.7990582,0.6161171,0.7655331
1994-12-02,0.79800004,0.60959,0.7650826
1994-12-09,0.7881955,0.60976106,0.7642088
1994-12-16,0.784386,0.62414914,0.7674995
1994-12-23,0.7807369,0.6134834,0.76473033
1994-12-30,0.78706247,0.59661853,0.76806206
1995-01-06,0.82189536,0.5726043,0.7733511
1995-01-13,0.798887,0.5759338,0.77251184
1995-01-20,0.8193158,0.53689086,0.777714
1995-01-27,0.79722285,0.5470279,0.78313506
1995-02-03,0.8065444,0.5562084,0.7812443
1995-02-10,0.7806385,0.58482283,0.78670174
1995-02-17,0.75622404,0.6236359,0.78188396
1995-02-24,0.7334197,0.6166753,0.77349895
1995-03-03,0.7116258,0.6063722,0.76499844
1995-03-10,0.6865746,0.590323,0.7615767
1995-03-17,0.6287134,0.59866875,0.75700355
1995-03-24,0.5898788,0.60425806,0.7507154
1995-03-31,0.49549723,0.6247312,0.74214554
1995-04-07,0.43905208,0.6192108,0.737566
1995-04-14,0.36923045,0.5988798,0.7301549
1995-04-21,0.3967219,0.60121125,0.73835593
1995-04-28,0.4113191,0.59517735,0.7315381
1995-05-05,0.42487815,0.5793791,0.7345913
1995-05-12,0.379822,0.5789665,0.7329254
1995-05-19,0.30240604,0.59116584,0.72546774
1995-05-26,0.17308445,0.58233416,0.72161824
1995-06-02,0.1685083,0.5755262,0.7220517
1995-06-09,0.16847931,0.56243914,0.71743214
1995-06-16,0.22817363,0.54671514,0.72078866
1995-06-23,0.110033356,0.58311546,0.68581474
1995-06-30,0.19845212,0.5392761,0.6810903
1995-07-07,0.09455953,0.5201052,0.6618583
1995-07-14,0.2747602,0.47920007,0.7089658
1995-07-21,0.1884674,0.5081264,0.7255688
1995-07-28,0.1443491,0.50951916,0.7262957
1995-08-04,0.26566663,0.47852165,0.74802166
1995-08-11,0.33059695,0.461765,0.7490264
1995-08-18,0.5049474,0.41843507,0.73668087
1995-08-25,0.41519454,0.4265159,0.75248224
1995-09-01,0.34088653,0.4193158,0.76033276
1995-09-08,0.2188971,0.47233123,0.76119494
1995-09-15,0.070647575,0.5490793,0.74634963
1995-09-22,0.04346984,0.54438144,0.7227031
1995-09-29,0.021198679,0.4967297,0.74192876
1995-10-06,0.005400448,0.5070732,0.7498497
1995-10-13,-0.023561604,0.5241821,0.76001024
1995-10-20,-0.02620525,0.47512895,0.78030145
1995-10-27,-0.021897916,0.4924488,0.7672408
1995-11-03,-0.050880145,0.537666,0.75155926
1995-11-10,-0.06420575,0.5205201,0.7620477
1995-11-17,-0.07527392,0.5217499,0.77146107
1995-11-24,-0.1679483,0.5674404,0.7653237
1995-12-01,-0.16089605,0.5867596,0.7655614
1995-12-08,-0.15680622,0.5838474,0.75265217
1995-12-15,-0.15747294,0.57758343,0.75613993
1995-12-22,-0.04897259,0.5442952,0.76242316
1995-12-29,0.053257305,0.5619446,0.7614804
1996-01-05,0.14257534,0.5580529,0.7585153
1996-01-12,0.12404567,0.52842224,0.75925094
1996-01-19,0.14095895,0.53534204,0.7531129
1996-01-26,0.14953981,0.51957315,0.7475627
1996-02-02,0.18853924,0.5065888,0.7415331
1996-02-09,0.18345939,0.5070701,0.74515915
1996-02-16,0.26709676,0.5003185,0.7313321
1996-02-23,0.3209459,0.49845648,0.73494613
1996-03-01,0.24290875,0.5243948,0.74064505
1996-03-08,0.16732049,0.5319104,0.75100565
1996-03-15,0.14410333,0.52503926,0.7545743
1996-03-22,0.19362125,0.55522585,0.74338925
1996-03-29,0.17074695,0.5358067,0.73467976
1996-04-05,0.18989106,0.5496584,0.7272427
1996-04-12,0.25950322,0.5288787,0.7400045
1996-04-19,0.2593726,0.53878987,0.7389104
1996-04-26,0.35664955,0.51604456,0.7468
1996-05-03,0.37961572,0.5152717,0.7384786
1996-05-10,0.33352548,0.51735586,0.7329718
1996-05-17,0.2831771,0.5229041,0.73454136
1996-05-24,0.2314822,0.53062594,0.7331792
1996-05-31,0.21420999,0.51860213,0.7320796
1996-06-07,0.27730992,0.5181954,0.7244846
1996-06-14,0.2616292,0.51869166,0.7264705
1996-06-21,0.31336284,0.5094872,0.724752
1996-06-28,0.23370737,0.517403,0.7259215
1996-07-05,0.29322043,0.52034986,0.7260951
1996-07-12,0.30744994,0.5313062,0.725493
1996-07-19,0.33957556,0.5451716,0.7188366
1996-07-26,0.2802912,0.5270039,0.72661734
1996-08-02,0.2839911,0.5298334,0.72322583
1996-08-09,0.2096837,0.52778554,0.7259419
1996-08-16,0.17055817,0.53130186,0.7263935
1996-08-23,0.15124758,0.5119963,0.72743297
1996-08-30,0.016227137,0.5324143,0.7253396
1996-09-06,0.07924835,0.5443221,0.7125595
1996-09-13,0.052440573,0.5371678,0.7152089
1996-09-20,0.008228805,0.56059957,0.7037783
1996-09-27,0.08641211,0.5445856,0.7125237
1996-10-04,-0.04459348,0.5633912,0.7093232
1996-10-11,-0.051299337,0.5596311,0.70302474
1996-10-18,-0.008893878,0.54937047,0.7108949
1996-10-25,-0.10895191,0.5819085,0.6940582
1996-11-01,-0.16606185,0.5846022,0.6802616
1996-11-08,-0.044441182,0.5544015,0.69604963
1996-11-15,-0.13463144,0.5871365,0.69812906
1996-11-22,-0.13064665,0.59321004,0.6960681
1996-11-29,-0.22736089,0.6284093,0.67990744
1996-12-06,-0.18304756,0.6239023,0.6819915
1996-12-13,-0.1842743,0.61594,0.68805206
1996-12-20,-0.25636023,0.6222275,0.68333256
1996-12-27,-0.1452514,0.59611315,0.701243
1997-01-03,-0.12130649,0.59255904,0.7024419
1997-01-10,-0.19391793,0.6193761,0.6896251
1997-01-17,-0.21808685,0.631539,0.6833214
1997-01-24,-0.23383118,0.62918174,0.6784147
1997-01-31,-0.2075974,0.6026312,0.6768542
1997-02-07,-0.2027381,0.5854643,0.675723
1997-02-14,-0.17803293,0.5799763,0.68272054
1997-02-21,-0.15869196,0.57844317,0.6867552
1997-02-28,-0.17741305,0.5882073,0.68241847
1997-03-07,-0.19927399,0.5974471,0.6806933
1997-03-14,-0.24384792,0.6005753,0.65621793
1997-03-21,-0.13192551,0.5799115,0.6558268
1997-03-28,-0.13248244,0.5897537,0.6507248
1997-04-04,-0.16086388,0.5819869,0.62864596
1997-04-11,-0.112931415,0.57060176,0.6212621
1997-04-18,-0.13102563,0.58379805,0.61968094
1997-04-25,-0.01178843,0.5741638,0.6249142
1997-05-02,-0.008749934,0.56632835,0.6309915
1997-05-09,0.10480122,0.55970484,0.6601474
1997-05-16,0.0403423,0.59402204,0.6589543
1997-05-23,0.08799537,0.5791537,0.6554848
1997-05-30,0.077494,0.5928065,0.6461062
1997-06-06,0.090612404,0.5915562,0.63439125
1997-06-13,0.010304628,0.5920225,0.63517827
1997-06-20,0.026980663,0.5715845,0.637221
1997-06-27,0.028686747,0.56537354,0.63255274
1997-07-04,-0.03866603,0.58267623,0.62511873
1997-07-11,-0.03878135,0.58361804,0.62967443
1997-07-18,-0.03791419,0.5745495,0.6313673
1997-07-25,-0.076245055,0.57512265,0.6191096
1997-08-01,-0.11520392,0.57467496,0.61209434
1997-08-08,-0.112380184,0.5760027,0.6151676
1997-08-15,-0.12196585,0.5728144,0.61519825
1997-08-22,-0.15021586,0.56768316,0.6146071
1997-08-29,-0.16070199,0.56023437,0.6124268
1997-09-05,-0.1374019,0.5485542,0.6179038
1997-09-12,-0.16548763,0.55491287,0.6086579
1997-09-19,-0.17440805,0.562872,0.6041024
1997-09-26,-0.20620665,0.5721596,0.5940867
1997-10-03,-0.20702721,0.5687125,0.5671261
1997-10-10,-0.17332627,0.54757065,0.56222653
1997-10-17,-0.19535114,0.5583713,0.5585184
1997-10-24,-0.20182113,0.5491336,0.54150754
1997-10-31,-0.20710397,0.53325826,0.5265576
1997-11-07,-0.20001866,0.52859974,0.5187821
1997-11-14,-0.22025649,0.53574765,0.5414547
1997-11-21,-0.24678,0.55694944,0.576624
1997-11-28,-0.2619038,0.56067485,0.5661203
1997-12-05,-0.20769574,0.547212,0.5318404
1997-12-12,-0.17729406,0.5399045,0.546486
1997-12-19,-0.17190756,0.55390286,0.5327385
1997-12-26,-0.16816874,0.5479057,0.53286743
1998-01-02,-0.16565189,0.54664624,0.5331896
1998-01-09,-0.17752816,0.5485473,0.5220836
1998-01-16,-0.17397453,0.53840727,0.53809154
1998-01-23,-0.111307755,0.55097383,0.5550637
1998-01-30,-0.077509694,0.5341931,0.53625685
1998-02-06,-0.076181315,0.5481472,0.53058743
1998-02-13,-0.10284637,0.5423784,0.52890044
1998-02-20,-0.13527434,0.54327905,0.5171197
1998-02-27,-0.1307638,0.53221387,0.5374659
1998-03-06,-0.16006728,0.54105514,0.53281987
1998-03-13,-0.16565996,0.5259577,0.51960504
1998-03-20,-0.14333121,0.5177721,0.51296085
1998-03-27,-0.12847522,0.5326358,0.5266038
1998-04-03,-0.111821115,0.5284914,0.5404199
1998-04-10,-0.16785109,0.54406935,0.53694654
1998-04-17,-0.17252369,0.53702,0.514604
1998-04-24,-0.18838719,0.5403385,0.5246366
1998-05-01,-0.20570482,0.53166026,0.5074811
1998-05-08,-0.25255802,0.5297759,0.49560148
1998-05-15,-0.24734959,0.52609754,0.48230997
1998-05-22,-0.25869247,0.52863973,0.47599155
1998-05-29,-0.26201823,0.53205293,0.46145236
1998-06-05,-0.22280018,0.51645195,0.4372984
1998-06-12,-0.1933621,0.48617658,0.45591456
1998-06-19,-0.18527105,0.5166154,0.45799387
1998-06-26,-0.18377791,0.51754785,0.44151518
1998-07-03,-0.17230001,0.5179138,0.47586796
1998-07-10,-0.16428253,0.51628757,0.48171765
1998-07-17,-0.16110764,0.5333536,0.49346322
1998-07-24,-0.16529936,0.5319919,0.48025107
1998-07-31,-0.21683961,0.53479207,0.45949128
1998-08-07,-0.22992842,0.5290419,0.44945577
1998-08-14,-0.21780705,0.52272356,0.44310033
1998-08-21,-0.21773441,0.5151593,0.443596
1998-08-28,-0.23812883,0.50379753,0.4178073
1998-09-04,-0.22480495,0.48659763,0.4206949
1998-09-11,-0.2657626,0.42606705,0.36391017
1998-09-18,-0.23806344,0.405604,0.30654487
1998-09-25,-0.22432877,0.40530866,0.30018395
1998-10-02,-0.14958914,0.3390866,0.25837758
1998-10-09,-0.16311476,0.37168303,0.2954246
1998-10-16,-0.13038844,0.35675585,0.3148276
1998-10-23,-0.17014271,0.37129366,0.3260217
1998-10-30,-0.22941701,0.40129948,0.32148036
1998-11-06,-0.22776458,0.38417327,0.33137703
1998-11-13,-0.2559715,0.3961913,0.3292419
1998-11-20,-0.2995562,0.45154908,0.3556052
1998-11-27,-0.25287008,0.46877587,0.4124261
1998-12-04,-0.27012596,0.48992032,0.39466652
1998-12-11,-0.26512036,0.50604993,0.42020088
1998-12-18,-0.22479413,0.50457174,0.44171306
1998-12-25,-0.10335752,0.51946276,0.5192236
1999-01-01,-0.0086550545,0.508972,0.5764637
1999-01-08,-0.06983156,0.5140172,0.54195076
1999-01-15,-0.17814027,0.5489972,0.5261011
1999-01-22,-0.2034201,0.5798052,0.555634
1999-01-29,-0.13341783,0.5532388,0.5913254
1999-02-05,-0.15153567,0.5769098,0.6624938
1999-02-12,-0.23162517,0.5947898,0.62079966
1999-02-19,-0.40614787,0.6360904,0.59042877
1999-02-26,-0.36259073,0.6220149,0.60889673
1999-03-05,-0.44794196,0.6363648,0.5582697
1999-03-12,-0.4172321,0.64297354,0.58845
1999-03-19,-0.40859488,0.62850374,0.5754982
1999-03-26,-0.42635474,0.6419235,0.56276256
1999-04-02,-0.40130827,0.6291208,0.54855895
1999-04-09,-0.4217487,0.6249267,0.5276257
1999-04-16,-0.436174,0.6308219,0.5273916
1999-04-23,-0.46993154,0.6419251,0.5177326
1999-04-30,-0.4595814,0.6138584,0.5022726
1999-05-07,-0.45678812,0.5972917,0.47501603
1999-05-14,-0.48732123,0.603607,0.4594706
1999-05-21,-0.5046511,0.62508804,0.48946455
1999-05-28,-0.5393887,0.65928227,0.52518827
1999-06-04,-0.53047836,0.67357844,0.5633941
1999-06-11,-0.5170447,0.6911539,0.5801577
1999-06-18,-0.5644097,0.715669,0.57930225
1999-06-25,-0.46852708,0.67437565,0.5762631
1999-07-02,-0.444676,0.65999407,0.5533533
1999-07-09,-0.45165986,0.66742754,0.55900514
1999-07-16,-0.43195072,0.64851475,0.57577586
1999-07-23,-0.48433965,0.6677552,0.55753183
1999-07-30,-0.4120842,0.6473045,0.5696607
1999-08-06,-0.37581757,0.63134915,0.56557465
1999-08-13,-0.32534057,0.6000022,0.57015675
1999-08-20,-0.38351083,0.6160567,0.58012074
1999-08-27,-0.33824122,0.5892831,0.5877116
1999-09-03,-0.36720696,0.5979786,0.5809267
1999-09-10,-0.36248136,0.5977163,0.57110196
1999-09-17,-0.45035285,0.63628197,0.55919397
1999-09-24,-0.4464781,0.6281412,0.5522789
1999-10-01,-0.43676284,0.6235558,0.54630756
1999-10-08,-0.38853845,0.6094313,0.57458067
1999-10-15,-0.40734312,0.6180119,0.5812189
1999-10-22,-0.3589741,0.59576166,0.5950217
1999-10-29,-0.37383884,0.60544693,0.572406
1999-11-05,-0.39009267,0.6039285,0.5612627
1999-11-12,-0.38140246,0.5996319,0.5654165
1999-11-19,-0.35315585,0.60111564,0.5860804
1999-11-26,-0.29055658,0.575398,0.57785434
1999-12-03,-0.3214903,0.59944844,0.5602567
1999-12-10,-0.3328384,0.5952358,0.5564539
1999-12-17,-0.31048957,0.583465,0.5606626
1999-12-24,-0.2772814,0.56482863,0.539299
1999-12-31,-0.3007827,0.56798714,0.5245602
2000-01-07,-0.25043717,0.54552364,0.52980757
2000-01-14,-0.22965477,0.5357886,0.52637905
2000-01-21,-0.23915248,0.5299451,0.5222265
2000-01-28,-0.2855226,0.53924316,0.49812528
2000-02-04,-0.23760627,0.5641848,0.5378395
2000-02-11,-0.19901887,0.53714573,0.55154246
2000-02-18,-0.19549909,0.51548886,0.5366039
2000-02-25,-0.1656007,0.5053608,0.55209905
2000-03-03,-0.12967981,0.47488132,0.5231503
2000-03-10,-0.10203848,0.4569373,0.52521336
2000-03-17,-0.07672722,0.44015795,0.52643484
2000-03-24,-0.067721866,0.4416986,0.5318296
2000-03-31,-0.0606953,0.43621704,0.50206816
2000-04-07,-0.056628413,0.39963078,0.48747605
2000-04-14,0.008943075,0.38208783,0.4971022
2000-04-21,-0.033537205,0.3878972,0.49142212
2000-04-28,-0.075270504,0.41482085,0.5036772
2000-05-05,-0.10204371,0.42877004,0.50397456
2000-05-12,-0.09350729,0.40375468,0.499688
2000-05-19,-0.1367364,0.4369487,0.50896275
2000-05-26,-0.12502164,0.4128235,0.49315676
2000-06-02,-0.07129775,0.39561617,0.48165068
2000-06-09,-0.08792394,0.4098935,0.4812246
2000-06-16,-0.102337085,0.40500748,0.46948987
2000-06-23,-0.083492085,0.40828523,0.47085476
2000-06-30,-0.052886326,0.41416857,0.4746021
2000-07-07,-0.08469932,0.43724534,0.4856854
2000-07-14,-0.12411868,0.45965964,0.48306906
2000-07-21,-0.13391484,0.4575625,0.48066127
2000-07-28,-0.16446571,0.46271268,0.48234344
2000-08-04,-0.14969553,0.4542864,0.471255
2000-08-11,-0.112544335,0.45631504,0.47262844
2000-08-18,-0.12667125,0.48239157,0.4878148
2000-08-25,-0.06806923,0.47035956,0.50508434
2000-09-01,-0.03366012,0.47291672,0.5165757
2000-09-08,-0.061751597,0.46811345,0.5001741
2000-09-15,-0.091041036,0.4886018,0.51152843
2000-09-22,-0.13418612,0.5178821,0.50880724
2000-09-29,-0.16206358,0.5408584,0.5077023
2000-10-06,-0.19216877,0.54756725,0.5035776
2000-10-13,-0.26239496,0.59057784,0.5253773
2000-10-20,-0.27937415,0.5954657,0.522094
2000-10-27,-0.24761353,0.5790398,0.5216862
2000-11-03,-0.25963765,0.58276784,0.51809984
2000-11-10,-0.25122216,0.5725357,0.5082115
2000-11-17,-0.24163559,0.5577495,0.49408302
2000-11-24,-0.19643441,0.51462,0.46395916
2000-12-01,-0.219644,0.5319417,0.44541484
2000-12-08,-0.2780666,0.5710014,0.45009857
2000-12-15,-0.20149899,0.52524304,0.46123263
2000-12-22,-0.2730277,0.55527204,0.44954768
2000-12-29,-0.24320753,0.5392383,0.46161056
2001-01-05,-0.27569205,0.544573,0.46295008
2001-01-12,-0.2846573,0.5292376,0.43213683
2001-01-19,-0.28610697,0.5265726,0.435649
2001-01-26,-0.29962966,0.5196055,0.41349357
2001-02-02,-0.24670431,0.50004905,0.43159643
2001-02-09,-0.31630063,0.5243795,0.421524
2001-02-16,-0.30368677,0.50843024,0.41441977
2001-02-23,-0.291685,0.48947737,0.42377177
2001-03-02,-0.29733142,0.44538534,0.38170588
2001-03-09,-0.28184924,0.43546686,0.38769135
2001-03-16,-0.36676928,0.4789232,0.38259527
2001-03-23,-0.32362276,0.4331834,0.377346
2001-03-30,-0.36049324,0.47827342,0.412095
2001-04-06,-0.37038973,0.4906859,0.4166232
2001-04-13,-0.36839935,0.50827664,0.4631324
2001-04-20,-0.4424259,0.5642402,0.48474008
2001-04-27,-0.4580463,0.5622651,0.4395088
2001-05-04,-0.46558586,0.5697037,0.45154315
2001-05-11,-0.50451785,0.5854038,0.43391886
2001-05-18,-0.5052977,0.58670783,0.42921016
2001-05-25,-0.49920553,0.5808532,0.43409172
2001-06-01,-0.51693964,0.59382075,0.42197618
2001-06-08,-0.5152522,0.5961785,0.43166867
2001-06-15,-0.522982,0.59622186,0.41545337
2001-06-22,-0.5234326,0.5955343,0.41159797
2001-06-29,-0.5158225,0.5931231,0.40517703
2001-07-06,-0.5502161,0.62936413,0.42512497
2001-07-13,-0.52846235,0.6220291,0.44186977
2001-07-20,-0.54002047,0.63957804,0.46663114
2001-07-27,-0.5221935,0.620985,0.44181404
2001-08-03,-0.5287119,0.6291595,0.45507783
2001-08-10,-0.5248071,0.6237836,0.4400908
2001-08-17,-0.5567725,0.6397252,0.44557458
2001-08-24,-0.5278372,0.61911947,0.44789204
2001-08-31,-0.5091169,0.60185885,0.4482911
2001-09-07,-0.5071725,0.60219306,0.46359137
2001-09-14,-0.5267314,0.62410784,0.46312833
2001-09-21,-0.50545853,0.6040497,0.4536393
2001-09-28,-0.5114962,0.61570203,0.45835695
2001-10-05,-0.5269179,0.6250024,0.45598772
2001-10-12,-0.52584094,0.6245494,0.46052793
2001-10-19,-0.53074867,0.62151337,0.4519532
2001-10-26,-0.5298738,0.6191185,0.44542956
2001-11-02,-0.5101269,0.60276467,0.4388828
2001-11-09,-0.51513284,0.6100999,0.44994575
2001-11-16,-0.49292874,0.600657,0.4567829
2001-11-23,-0.496469,0.5979459,0.45271942
2001-11-30,-0.47748527,0.5978195,0.46219403
2001-12-07,-0.489835,0.6066088,0.46883407
2001-12-14,-0.5071072,0.60899746,0.45912814
2001-12-21,-0.5021219,0.6012276,0.45234457
2001-12-28,-0.48121026,0.595129,0.46677145
2002-01-04,-0.4614877,0.5845504,0.47766924
2002-01-11,-0.46724313,0.5879944,0.4776289
2002-01-18,-0.43416005,0.5676027,0.49120823
2002-01-25,-0.40374315,0.54893273,0.5083558
2002-02-01,-0.41000837,0.5501947,0.5289374
2002-02-08,-0.44845164,0.57653,0.51998895
2002-02-15,-0.4302485,0.555564,0.5102766
2002-02-22,-0.4378716,0.5669109,0.50615025
2002-03-01,-0.4306638,0.55900204,0.5004394
2002-03-08,-0.4228799,0.54766625,0.48623526
2002-03-15,-0.44351712,0.5622746,0.4855767
2002-03-22,-0.46728188,0.5787409,0.49388573
2002-03-29,-0.4762286,0.58709687,0.48187095
2002-04-05,-0.48307282,0.589905,0.4737975
2002-04-12,-0.4713154,0.58147025,0.47185186
2002-04-19,-0.4722374,0.58438206,0.47670805
2002-04-26,-0.47285542,0.5871187,0.48600608
2002-05-03,-0.49501657,0.5953622,0.4732095
2002-05-10,-0.48558342,0.58636826,0.46677348
2002-05-17,-0.48701355,0.5901126,0.46290398
2002-05-24,-0.46256852,0.5799386,0.4744237
2002-05-31,-0.48215443,0.5909347,0.4654121
2002-06-07,-0.49397826,0.60150605,0.45993578
2002-06-14,-0.5057299,0.6136394,0.4588803
2002-06-21,-0.5113832,0.61479217,0.44687963
2002-06-28,-0.5112468,0.61368185,0.4428368
2002-07-05,-0.49975005,0.60150206,0.44422734
2002-07-12,-0.5025541,0.60298985,0.4373625
2002-07-19,-0.49545676,0.5895804,0.42753264
2002-07-26,-0.49702346,0.5972007,0.45037934
2002-08-02,-0.52632105,0.61510354,0.44479522
2002-08-09,-0.5333839,0.6116898,0.4290007
2002-08-16,-0.56329376,0.6320304,0.4386688
2002-08-23,-0.5636874,0.6302441,0.42882323
2002-08-30,-0.5558736,0.61775625,0.4051315
2002-09-06,-0.5392198,0.6004042,0.390809
2002-09-13,-0.5079165,0.5736946,0.37060615
2002-09-20,-0.5209982,0.62044346,0.43234053
2002-09-27,-0.53570193,0.6195273,0.4161689
2002-10-04,-0.5705092,0.6390519,0.40548366
2002-10-11,-0.5766741,0.63589615,0.39457792
2002-10-18,-0.5538485,0.6162849,0.38786787
2002-10-25,-0.53366107,0.6014187,0.37997034
2002-11-01,-0.5242844,0.57889235,0.35116836
2002-11-08,-0.5089117,0.5650055,0.35104468
2002-11-15,-0.49344224,0.55862516,0.35787642
2002-11-22,-0.48523638,0.5568805,0.35884053
2002-11-29,-0.51146907,0.571889,0.35319412
2002-12-06,-0.5057994,0.5713907,0.36414644
2002-12-13,-0.49764088,0.5636297,0.3533029
2002-12-20,-0.48712903,0.5539016,0.34321865
2002-12-27,-0.47181144,0.53645635,0.33705965
2003-01-03,-0.47012317,0.5340889,0.33546397
2003-01-10,-0.4031402,0.48238954,0.32239553
2003-01-17,-0.3873281,0.46186695,0.29844007
2003-01-24,-0.42163804,0.4880659,0.30109563
2003-01-31,-0.4035921,0.4699276,0.29738212
2003-02-07,-0.43330458,0.49275947,0.31271872
2003-02-14,-0.42646933,0.48704684,0.30988926
2003-02-21,-0.43666914,0.49360493,0.30471703
2003-02-28,-0.40477255,0.4628356,0.2856261
2003-03-07,-0.37484604,0.43532822,0.27074692
2003-03-14,-0.39023128,0.44900995,0.27232838
2003-03-21,-0.36147034,0.42698017,0.26812506
2003-03-28,-0.35508105,0.4234892,0.26591778
2003-04-04,-0.31220743,0.389836,0.25076535
2003-04-11,-0.30467153,0.3817178,0.2446811
2003-04-18,-0.27029628,0.3395488,0.22317944
2003-04-25,-0.26276043,0.33144695,0.21783097
2003-05-02,-0.27127358,0.33229196,0.20974745
2003-05-09,-0.26300338,0.32621467,0.203666
2003-05-16,-0.27658147,0.33561206,0.19854894
2003-05-23,-0.30294192,0.3577839,0.20755282
2003-05-30,-0.3182099,0.3560971,0.19174582
2003-06-06,-0.31475797,0.34825963,0.1850655
2003-06-13,-0.2771363,0.30208367,0.16718248
2003-06-20,-0.26341996,0.32917798,0.22199768
2003-06-27,-0.27259997,0.35324994,0.25382242
2003-07-04,-0.2942492,0.41748092,0.34223977
2003-07-11,-0.31736377,0.43098092,0.3227284
2003-07-18,-0.30351508,0.41195157,0.3104796
2003-07-25,-0.37778774,0.47606146,0.3247012
2003-08-01,-0.36831686,0.46098766,0.3250681
2003-08-08,-0.39205423,0.4675582,0.31183314
2003-08-15,-0.3937925,0.49670735,0.37541172
2003-08-22,-0.33099666,0.49291945,0.4151035
2003-08-29,-0.24794796,0.43863833,0.43517262
2003-09-05,-0.17343068,0.38312694,0.4428751
2003-09-12,-0.2585985,0.45442984,0.4680902
2003-09-19,-0.2995534,0.46561742,0.43397546
2003-09-26,-0.2967052,0.47324106,0.43410888
2003-10-03,-0.32109684,0.48168468,0.4345058
2003-10-10,-0.33081093,0.4773999,0.43250898
2003-10-17,-0.2935136,0.46960416,0.45644906
2003-10-24,-0.34154573,0.4905412,0.44056788
2003-10-31,-0.33876225,0.5103586,0.46397257
2003-11-07,-0.28882694,0.479195,0.48230422
2003-11-14,-0.30736485,0.46817654,0.43205655
2003-11-21,-0.33050653,0.47376075,0.4264673
2003-11-28,-0.3336893,0.4886037,0.42141384
2003-12-05,-0.31027114,0.47489482,0.43906042
2003-12-12,-0.34622735,0.49318394,0.4174712
2003-12-19,-0.354666,0.5048928,0.4282802
2003-12-26,-0.34783062,0.4897058,0.42444554
2004-01-02,-0.33862388,0.49268863,0.43854108
2004-01-09,-0.3409993,0.48830166,0.43490604
2004-01-16,-0.38550338,0.5111149,0.42134428
2004-01-23,-0.39065462,0.5187849,0.43745166
2004-01-30,-0.40892643,0.5299376,0.43341616
2004-02-06,-0.43429396,0.53557056,0.4227046
2004-02-13,-0.42639542,0.52400666,0.42302853
2004-02-20,-0.425067,0.52289504,0.4066731
2004-02-27,-0.4465566,0.54966843,0.42021814
2004-03-05,-0.35823205,0.50899655,0.4489349
2004-03-12,-0.4297277,0.5404518,0.416044
2004-03-19,-0.3786621,0.52653044,0.43479133
2004-03-26,-0.37684324,0.52503425,0.44571552
2004-04-02,-0.36227575,0.523078,0.4513233
2004-04-09,-0.38454953,0.54421145,0.47032914
2004-04-16,-0.40311188,0.55882746,0.47584638
2004-04-23,-0.39896607,0.5572923,0.475721
2004-04-30,-0.38995558,0.5513271,0.48310468
2004-05-07,-0.43202102,0.57729757,0.46760884
2004-05-14,-0.4308443,0.57264245,0.47859403
2004-05-21,-0.4448851,0.5801016,0.46511868
2004-05-28,-0.40329728,0.554379,0.4746392
2004-06-04,-0.40276778,0.55450195,0.49609578
2004-06-11,-0.3089533,0.5221577,0.5246475
2004-06-18,-0.2806959,0.5174186,0.5504879
2004-06-25,-0.34087068,0.55206877,0.54739326
2004-07-02,-0.39072847,0.576918,0.53745687
2004-07-09,-0.37986442,0.5668818,0.5475512
2004-07-16,-0.39100328,0.567774,0.5370238
2004-07-23,-0.35845453,0.5562796,0.54055583
2004-07-30,-0.3604011,0.56585485,0.55059755
2004-08-06,-0.37942323,0.5643129,0.51535565
2004-08-13,-0.39731652,0.5604873,0.49419454
2004-08-20,-0.38811725,0.5558381,0.49850166
2004-08-27,-0.38333085,0.5515758,0.49490008
2004-09-03,-0.38627422,0.54728174,0.48132515
2004-09-10,-0.39240095,0.54620284,0.477399
2004-09-17,-0.40837553,0.55560124,0.4751897
2004-09-24,-0.41932806,0.557386,0.45481026
2004-10-01,-0.41053918,0.5600726,0.4741929
2004-10-08,-0.41496623,0.5681859,0.49301088
2004-10-15,-0.42977014,0.56487775,0.46501014
2004-10-22,-0.43077075,0.569,0.47532314
2004-10-29,-0.43945837,0.5719156,0.47459635
2004-11-05,-0.41659376,0.5581939,0.4810799
2004-11-12,-0.4369455,0.5651859,0.47584838
2004-11-19,-0.44444668,0.5697763,0.46352187
2004-11-26,-0.45545933,0.5729323,0.46577084
2004-12-03,-0.4492266,0.56949806,0.4573513
2004-12-10,-0.47755036,0.5816621,0.44985804
2004-12-17,-0.44535115,0.5548891,0.45450294
2004-12-24,-0.4572824,0.5645664,0.44333288
2004-12-31,-0.443252,0.5648189,0.46159786
2005-01-07,-0.4577428,0.56905127,0.45574537
2005-01-14,-0.4636987,0.56866664,0.45124406
2005-01-21,-0.47481596,0.57876426,0.44181493
2005-01-28,-0.48058254,0.5754611,0.43255833
2005-02-04,-0.43834174,0.5447097,0.43077534
2005-02-11,-0.4166785,0.54578537,0.45312563
2005-02-18,-0.44253185,0.5661296,0.46062917
2005-02-25,-0.43796736,0.5658665,0.462565
2005-03-04,-0.41344568,0.55834055,0.47902268
2005-03-11,-0.41289222,0.550731,0.4692193
2005-03-18,-0.42639646,0.551129,0.45809776
2005-03-25,-0.43977112,0.5607488,0.44392473
2005-04-01,-0.45590076,0.56580174,0.435585
2005-04-08,-0.4627219,0.567645,0.44433585
2005-04-15,-0.4712358,0.56853765,0.43199027
2005-04-22,-0.4756886,0.57378733,0.42659047
2005-04-29,-0.48566133,0.58082765,0.4167853
2005-05-06,-0.5019733,0.58847487,0.41408053
2005-05-13,-0.50281465,0.59188604,0.42839578
2005-05-20,-0.4889913,0.5881236,0.42494768
2005-05-27,-0.49942824,0.59214985,0.42257026
2005-06-03,-0.49679098,0.5823264,0.41071635
2005-06-10,-0.5044467,0.58954567,0.4096214
2005-06-17,-0.48204702,0.58236533,0.43273205
2005-06-24,-0.50505465,0.5937493,0.41022933
2005-07-01,-0.5079462,0.59073156,0.40086424
2005-07-08,-0.5098762,0.5941244,0.41073307
2005-07-15,-0.48906973,0.5835275,0.43030405
2005-07-22,-0.51192766,0.5970053,0.4213801
2005-07-29,-0.48676226,0.58956987,0.43769383
2005-08-05,-0.4504018,0.57804465,0.45337617
2005-08-12,-0.41742778,0.56391436,0.4627394
2005-08-19,-0.44376904,0.57467103,0.4635591
2005-08-26,-0.42167377,0.56022215,0.45354834
2005-09-02,-0.47232205,0.5816268,0.43650147
2005-09-09,-0.452143,0.574596,0.43803424
2005-09-16,-0.42404476,0.5618094,0.43886006
2005-09-23,-0.40872073,0.5476947,0.4389937
2005-09-30,-0.32089296,0.50970405,0.45673656
2005-10-07,-0.30930173,0.5038056,0.46651453
2005-10-14,-0.29640388,0.5077955,0.4800725
2005-10-21,-0.27963677,0.49109474,0.46565157
2005-10-28,-0.28877643,0.5010409,0.46620128
2005-11-04,-0.15933073,0.4198833,0.47740507
2005-11-11,-0.2179981,0.45421654,0.4753361
2005-11-18,-0.3027794,0.4987355,0.45995504
2005-11-25,-0.3042332,0.48973486,0.45398632
2005-12-02,-0.27210397,0.47657663,0.4641869
2005-12-09,-0.26240146,0.4802305,0.4763501
2005-12-16,-0.24359003,0.4618846,0.47005785
2005-12-23,-0.2055943,0.4394353,0.47034073
2005-12-30,-0.2272637,0.45293906,0.45249102
2006-01-06,-0.271604,0.47934052,0.44718695
2006-01-13,-0.23983614,0.44714054,0.44637993
2006-01-20,-0.26118487,0.47018275,0.4603158
2006-01-27,-0.21254726,0.45231488,0.46746513
2006-02-03,-0.16492721,0.4225467,0.4791121
2006-02-10,-0.0976269,0.3894837,0.481229
2006-02-17,-0.057050414,0.3630477,0.44554505
2006-02-24,-0.013983351,0.35830507,0.4576872
2006-03-03,-0.03586166,0.37990096,0.45034257
2006-03-10,-0.02984627,0.37586477,0.46260864
2006-03-17,0.010769553,0.37580234,0.4677555
2006-03-24,0.07815565,0.33751586,0.45868957
2006-03-31,0.12818079,0.32243472,0.45235005
2006-04-07,0.11968529,0.33601564,0.48744202
2006-04-14,0.08987649,0.37281737,0.5110292
2006-04-21,0.077546835,0.3596923,0.5053293
2006-04-28,0.10251086,0.35013103,0.49863395
2006-05-05,0.08723109,0.3614798,0.49825516
2006-05-12,0.18065919,0.34314215,0.49687272
2006-05-19,0.13102362,0.36772275,0.4835133
2006-05-26,0.12701197,0.39516166,0.4506742
2006-06-02,0.12765938,0.40130958,0.46381226
2006-06-09,0.023555724,0.43190238,0.46635592
2006-06-16,0.009475576,0.4557823,0.4639497
2006-06-23,0.06481654,0.4326176,0.47033614
2006-06-30,0.097763576,0.42084596,0.4787921
2006-07-07,0.15176693,0.40299043,0.48022753
2006-07-14,0.061191685,0.425554,0.47338325
2006-07-21,0.038043223,0.43275177,0.4765898
2006-07-28,0.06603575,0.43661094,0.4865037
2006-08-04,0.07749317,0.4210889,0.47204718
2006-08-11,0.06491611,0.41666645,0.46598098
2006-08-18,0.06711511,0.42140386,0.46841207
2006-08-25,-0.019214053,0.43138474,0.45157498
2006-09-01,-0.09045327,0.47395605,0.44709507
2006-09-08,-0.029299343,0.4474519,0.44683868
2006-09-15,-0.08748366,0.4704576,0.4437295
2006-09-22,-0.11671149,0.483028,0.44021696
2006-09-29,-0.11102746,0.483477,0.4484612
2006-10-06,-0.114470184,0.49390155,0.4537663
2006-10-13,-0.05382338,0.47063065,0.46138582
2006-10-20,-0.010928705,0.4657551,0.4565167
2006-10-27,-0.031895146,0.4669656,0.4476624
2006-11-03,-0.046140954,0.4693156,0.4398891
2006-11-10,-0.053081676,0.4776051,0.4316671
2006-11-17,-0.02497364,0.47425494,0.431074
2006-11-24,-0.034903232,0.47759244,0.41644529
2006-12-01,-0.027759407,0.46549243,0.40009275
2006-12-08,0.043266997,0.43422073,0.40732723
2006-12-15,0.017973015,0.44235745,0.40788454
2006-12-22,-0.004780678,0.43601346,0.40150994
2006-12-29,0.040067263,0.4221376,0.42007712
2007-01-05,0.060859572,0.41917875,0.42174053
2007-01-12,0.04300059,0.432368,0.4338177
2007-01-19,-0.03228448,0.466184,0.42464364
2007-01-26,-0.050061546,0.47032383,0.43299878
2007-02-02,-0.005702888,0.44344983,0.43988
2007-02-09,-0.032899935,0.4587855,0.43359193
2007-02-16,-0.008885274,0.45735982,0.43359438
2007-02-23,0.023123411,0.4514526,0.408425
2007-03-02,-0.00084494957,0.46127656,0.4097662
2007-03-09,-0.01938959,0.46036872,0.39927852
2007-03-16,-0.05968675,0.4851165,0.3989114
2007-03-23,-0.021847926,0.46945477,0.39816833
2007-03-30,-0.02103244,0.475647,0.40883482
2007-04-06,-0.011023666,0.46547845,0.41715503
2007-04-13,-0.027207326,0.47982594,0.41481236
2007-04-20,0.018896151,0.46099404,0.41449112
2007-04-27,0.0014232497,0.46579522,0.39660802
2007-05-04,-0.010744174,0.4748976,0.39653075
2007-05-11,0.007980247,0.46688804,0.40040877
2007-05-18,0.011855237,0.47013858,0.39544702
2007-05-25,0.0639,0.45580518,0.41107622
2007-06-01,0.11852746,0.43870312,0.41282025
2007-06-08,0.19233833,0.4032499,0.42865312
2007-06-15,0.15377825,0.4442689,0.45364785
2007-06-22,0.1459448,0.43513584,0.44423836
2007-06-29,0.14123055,0.4343336,0.4351629
2007-07-06,0.16637917,0.43586904,0.442825
2007-07-13,0.15054175,0.44706467,0.44758484
2007-07-20,0.1255846,0.45370108,0.43689424
2007-07-27,0.07914057,0.46085188,0.41540417
2007-08-03,0.05840179,0.4792419,0.4152728
2007-08-10,0.016075825,0.48644644,0.39991042
2007-08-17,-0.12610534,0.53031725,0.38033473
2007-08-24,-0.059625465,0.5142991,0.38379428
2007-08-31,-0.06446603,0.5180966,0.39244202
2007-09-07,-0.087104775,0.5109464,0.39156747
2007-09-14,-0.13021347,0.5302371,0.3906476
2007-09-21,-0.08289229,0.5255361,0.41579378
2007-09-28,-0.0819272,0.52821934,0.4061596
2007-10-05,-0.06478072,0.5129756,0.41154388
2007-10-12,-0.0724608,0.52441716,0.41395205
2007-10-19,-0.14161083,0.54308045,0.4060968
2007-10-26,-0.15829049,0.55060434,0.41102946
2007-11-02,-0.15767923,0.54243946,0.40275633
2007-11-09,-0.17977417,0.54687274,0.39049932
2007-11-16,-0.17911762,0.534275,0.3826257
2007-11-23,-0.17551304,0.5290222,0.37377608
2007-11-30,-0.17870907,0.5438733,0.38040388
2007-12-07,-0.16829656,0.5344331,0.40450418
2007-12-14,-0.20358011,0.55606586,0.40242943
2007-12-21,-0.19928803,0.5502064,0.40261182
2007-12-28,-0.20652388,0.5540265,0.3947051
2008-01-04,-0.23083301,0.55844134,0.38652843
2008-01-11,-0.3060577,0.5834115,0.3939303
2008-01-18,-0.30839628,0.581069,0.39440098
2008-01-25,-0.30155626,0.57604444,0.4219385
2008-02-01,-0.30049154,0.5651394,0.40866533
2008-02-08,-0.30579764,0.5661571,0.4098997
2008-02-15,-0.26854807,0.55410236,0.4132445
2008-02-22,-0.26749608,0.5523675,0.41220874
2008-02-29,-0.30747136,0.5683956,0.39167842
2008-03-07,-0.38710448,0.6159318,0.39693502
2008-03-14,-0.44843325,0.6530688,0.37540317
2008-03-21,-0.4156416,0.6272794,0.3681106
2008-03-28,-0.43841964,0.6470916,0.36815646
2008-04-04,-0.39643216,0.61733085,0.38262284
2008-04-11,-0.38290888,0.6213012,0.38679752
2008-04-18,-0.34601268,0.6110247,0.400964
2008-04-25,-0.13330103,0.5346598,0.42643288
2008-05-02,-0.15613188,0.5361175,0.4345648
2008-05-09,-0.19057573,0.53460133,0.4186643
2008-05-16,-0.05596373,0.49406108,0.43881083
2008-05-23,-0.07600723,0.5142833,0.45682427
2008-05-30,-0.03749708,0.50279874,0.4386372
2008-06-06,-0.052353263,0.49414676,0.4496216
2008-06-13,0.06922499,0.46259937,0.4540368
2008-06-20,-0.034580555,0.49930638,0.4496622
2008-06-27,-0.12067559,0.5188554,0.42225996
2008-07-04,-0.10665678,0.5133852,0.42068028
2008-07-11,-0.17583376,0.544189,0.41446453
2008-07-18,-0.22604966,0.565796,0.4124456
2008-07-25,-0.17789271,0.54902023,0.41726324
2008-08-01,-0.22235394,0.56307983,0.4046854
2008-08-08,-0.2579638,0.5586141,0.38814124
2008-08-15,-0.25026882,0.54657376,0.38826942
2008-08-22,-0.26895097,0.56165934,0.39502177
2008-08-29,-0.28636304,0.57288116,0.37248656
2008-09-05,-0.27415255,0.54536986,0.36143598
2008-09-12,-0.19749783,0.53047097,0.39270467
2008-09-19,-0.15050782,0.54150486,0.40388992
2008-09-26,-0.16757625,0.5427554,0.38379014
2008-10-03,-0.2454044,0.57273597,0.38877058
2008-10-10,-0.115530446,0.5118794,0.36619407
2008-10-17,-0.1333692,0.51839864,0.40763202
2008-10-24,-0.2777062,0.57271934,0.39688313
2008-10-31,-0.33781144,0.5820091,0.41864875
2008-11-07,-0.3115692,0.5728151,0.42783165
2008-11-14,-0.35477793,0.5827445,0.4211042
2008-11-21,-0.3794788,0.58446294,0.39275974
2008-11-28,-0.38814935,0.59204715,0.38654566
2008-12-05,-0.35577574,0.5673575,0.39225972
2008-12-12,-0.42265245,0.60120636,0.39785096
2008-12-19,-0.38206396,0.54967254,0.38710168
2008-12-26,-0.31691262,0.49894145,0.3644312
2009-01-02,-0.32420176,0.49629033,0.35666272
2009-01-09,-0.34403002,0.51654726,0.38949716
2009-01-16,-0.3709304,0.52534604,0.37155056
2009-01-23,-0.41623348,0.562845,0.37890512
2009-01-30,-0.3513246,0.53274584,0.38661402
2009-02-06,-0.32513177,0.5216455,0.40006787
2009-02-13,-0.36172977,0.5272497,0.37678128
2009-02-20,-0.39185488,0.5436718,0.38566744
2009-02-27,-0.3895425,0.55158716,0.3783106
2009-03-06,-0.32695884,0.5227024,0.39464563
2009-03-13,-0.3357805,0.52700454,0.38707057
2009-03-20,-0.3915057,0.55522424,0.38069794
2009-03-27,-0.31903937,0.5226196,0.3985532
2009-04-03,-0.32205844,0.52780336,0.42613342
2009-04-10,-0.30249575,0.54292643,0.43657792
2009-04-17,-0.32755893,0.544525,0.44523004
2009-04-24,-0.33121514,0.540731,0.43486905
2009-05-01,-0.3238309,0.5246405,0.4260667
2009-05-08,-0.29362813,0.5184397,0.4388794
2009-05-15,-0.33694217,0.54507685,0.44682673
2009-05-22,-0.34555918,0.5543213,0.45468175
2009-05-29,-0.32562932,0.54550934,0.46680987
2009-06-05,-0.35127294,0.55685306,0.46338743
2009-06-12,-0.33420038,0.5528098,0.46518713
2009-06-19,-0.36761248,0.56968355,0.4496072
2009-06-26,-0.4047682,0.5774359,0.44463596
2009-07-03,-0.42447233,0.56749094,0.4369992
2009-07-10,-0.4388804,0.56537765,0.43321168
2009-07-17,-0.43801036,0.5811611,0.43986365
2009-07-24,-0.464265,0.6061406,0.45497626
2009-07-31,-0.43841907,0.5901465,0.4536748
2009-08-07,-0.4155484,0.5784232,0.46553499
2009-08-14,-0.42473078,0.58186597,0.45668432
2009-08-21,-0.48244295,0.6042774,0.43761778
2009-08-28,-0.47055098,0.6030244,0.44091272
2009-09-04,-0.4625979,0.5945134,0.4360022
2009-09-11,-0.49825507,0.6174709,0.43918222
2009-09-18,-0.45769218,0.5972493,0.44540417
2009-09-25,-0.47724655,0.604969,0.4375408
2009-10-02,-0.50248176,0.6219097,0.42430913
2009-10-09,-0.46495864,0.60130143,0.42912868
2009-10-16,-0.48492238,0.61617327,0.44665945
2009-10-23,-0.44846982,0.60653657,0.45189106
2009-10-30,-0.4376679,0.595693,0.46209854
2009-11-06,-0.41054434,0.58602333,0.467533
2009-11-13,-0.47177887,0.6142698,0.44742084
2009-11-20,-0.46843666,0.60730314,0.43601134
2009-11-27,-0.492115,0.6174913,0.42837098
2009-12-04,-0.5261344,0.6360036,0.44399327
2009-12-11,-0.53640354,0.6434952,0.44200692
2009-12-18,-0.569243,0.6646231,0.43849292
2009-12-25,-0.5614039,0.66139257,0.44626445
2010-01-01,-0.56115264,0.6580571,0.45049685
2010-01-08,-0.53019595,0.6547857,0.4680796
2010-01-15,-0.5337771,0.64451116,0.46068618
2010-01-22,-0.5356644,0.6479746,0.45931497
2010-01-29,-0.5455494,0.6522054,0.45484364
2010-02-05,-0.5255337,0.6417948,0.46741387
2010-02-12,-0.5424764,0.64701,0.46119317
2010-02-19,-0.5535712,0.6567328,0.4640719
2010-02-26,-0.55761814,0.6529126,0.45440373
2010-03-05,-0.5772691,0.6633622,0.45352963
2010-03-12,-0.5591,0.6551017,0.46062878
2010-03-19,-0.5532741,0.65750855,0.4683371
2010-03-26,-0.52453315,0.6401585,0.46603903
2010-04-02,-0.5340219,0.64562404,0.4588305
2010-04-09,-0.51258713,0.6307742,0.46401954
2010-04-16,-0.5370957,0.64861524,0.45361882
2010-04-23,-0.54624385,0.65134084,0.4452522
2010-04-30,-0.54525906,0.6480739,0.43591785
2010-05-07,-0.55428785,0.6515865,0.43348098
2010-05-14,-0.5630678,0.6605,0.4405986
2010-05-21,-0.5618584,0.65491825,0.42362958
2010-05-28,-0.55763763,0.647949,0.42362618
2010-06-04,-0.5752136,0.6654396,0.42325374
2010-06-11,-0.56422776,0.65479726,0.41721377
2010-06-18,-0.5696545,0.66048646,0.4107895
2010-06-25,-0.5523887,0.64032316,0.39425114
2010-07-02,-0.54022574,0.6275342,0.37385842
2010-07-09,-0.5613062,0.64336044,0.39778543
2010-07-16,-0.54379857,0.6258483,0.37873685
2010-07-23,-0.534776,0.61853987,0.3754591
2010-07-30,-0.52104455,0.60516983,0.36718395
2010-08-06,-0.50711286,0.5939235,0.36268288
2010-08-13,-0.50441957,0.59171414,0.34392625
2010-08-20,-0.5080987,0.58545053,0.33394447
2010-08-27,-0.5311046,0.6116982,0.35341707
2010-09-03,-0.5577456,0.64221156,0.38653767
2010-09-10,-0.54832995,0.639448,0.39779836
2010-09-17,-0.5849989,0.65908444,0.38140237
2010-09-24,-0.5710296,0.63789046,0.35368586
2010-10-01,-0.58205515,0.6443033,0.34536162
2010-10-08,-0.61310714,0.659235,0.33809885
2010-10-15,-0.6149391,0.6589931,0.3467838
2010-10-22,-0.59222096,0.64664084,0.3543363
2010-10-29,-0.6025586,0.6584823,0.36569312
2010-11-05,-0.5980787,0.6553399,0.36781105
2010-11-12,-0.5926536,0.6581668,0.3831137
2010-11-19,-0.55806154,0.645542,0.3991569
2010-11-26,-0.49988645,0.6208637,0.41649607
2010-12-03,-0.5504451,0.6567845,0.42593676
2010-12-10,-0.5361177,0.64951336,0.42952213
2010-12-17,-0.5236597,0.64189136,0.42250267
2010-12-24,-0.4840886,0.61769694,0.4091283
2010-12-31,-0.5232304,0.63321644,0.39950266
2011-01-07,-0.50751525,0.62586397,0.422982
2011-01-14,-0.53632134,0.64098215,0.42673784
2011-01-21,-0.5106497,0.6292063,0.42711923
2011-01-28,-0.5115804,0.62967604,0.422469
2011-02-04,-0.46232897,0.6036205,0.4391279
2011-02-11,-0.45451,0.6040347,0.44336805
2011-02-18,-0.470458,0.6109562,0.44598854
2011-02-25,-0.47399566,0.61093575,0.4264552
2011-03-04,-0.48199123,0.62151915,0.43833265
2011-03-11,-0.5074663,0.62650234,0.42775398
2011-03-18,-0.5436056,0.6550937,0.42408115
2011-03-25,-0.54227483,0.6551489,0.42406186
2011-04-01,-0.52015483,0.64564544,0.43678942
2011-04-08,-0.5075906,0.6383089,0.45329443
2011-04-15,-0.5127626,0.6386099,0.44242692
2011-04-22,-0.5187925,0.63591886,0.42395723
2011-04-29,-0.5386365,0.64606035,0.424418
2011-05-06,-0.5533996,0.6504373,0.40926674
2011-05-13,-0.52984935,0.6298462,0.39933544
2011-05-20,-0.53585607,0.63406926,0.40441808
2011-05-27,-0.5246614,0.6292082,0.39968207
2011-06-03,-0.53640115,0.62893546,0.4029209
2011-06-10,-0.54451084,0.64174277,0.40531838
2011-06-17,-0.5461123,0.6382071,0.3992585
2011-06-24,-0.540077,0.6316469,0.39588138
2011-07-01,-0.51974106,0.6202394,0.40267852
2011-07-08,-0.5203311,0.62444216,0.41800696
2011-07-15,-0.5512326,0.6384118,0.39569342
2011-07-22,-0.53302604,0.6283834,0.39595392
2011-07-29,-0.5502234,0.6349834,0.39012086
2011-08-05,-0.5394604,0.6182449,0.3739561
2011-08-12,-0.56362617,0.6441596,0.38962463
2011-08-19,-0.571197,0.6427621,0.370607
2011-08-26,-0.5666698,0.6427608,0.3874015
2011-09-02,-0.55585635,0.63444775,0.38514617
2011-09-09,-0.550124,0.6211459,0.37004796
2011-09-16,-0.5348712,0.6092258,0.36793154
2011-09-23,-0.51314455,0.58742005,0.3582087
2011-09-30,-0.5058142,0.5897797,0.36818194
2011-10-07,-0.5201503,0.5955174,0.35898456
2011-10-14,-0.50515836,0.5874504,0.37025726
2011-10-21,-0.5257272,0.6053007,0.3722546
2011-10-28,-0.51892483,0.602904,0.37764165
2011-11-04,-0.5276656,0.6018185,0.36446774
2011-11-11,-0.5293983,0.5949591,0.3603731
2011-11-18,-0.54361504,0.60990155,0.359245
2011-11-25,-0.5200618,0.60536605,0.3783691
2011-12-02,-0.5161202,0.6050141,0.38485673
2011-12-09,-0.52540904,0.6024173,0.37292627
2011-12-16,-0.5353404,0.60854024,0.36725828
2011-12-23,-0.5330063,0.6064122,0.36618614
2011-12-30,-0.5337698,0.6082696,0.36613783
2012-01-06,-0.5384335,0.6112782,0.3680566
2012-01-13,-0.53715473,0.6058169,0.36245233
2012-01-20,-0.5360852,0.60991544,0.37134424
2012-01-27,-0.53878415,0.6094275,0.36467174
2012-02-03,-0.5370941,0.6075681,0.36283198
2012-02-10,-0.52969563,0.6039598,0.37206617
2012-02-17,-0.546997,0.6149804,0.3683192
2012-02-24,-0.5464626,0.61734563,0.37840387
2012-03-02,-0.54665786,0.62147087,0.37655038
2012-03-09,-0.56116474,0.63464594,0.37505978
2012-03-16,-0.52184623,0.6102756,0.39622778
2012-03-23,-0.5248112,0.6121999,0.38625342
2012-03-30,-0.53225815,0.615726,0.37660778
2012-04-06,-0.5423453,0.6237917,0.38054898
2012-04-13,-0.54975224,0.6224185,0.3669219
2012-04-20,-0.55863106,0.62528026,0.36641535
2012-04-27,-0.5604858,0.6273122,0.35517946
2012-05-04,-0.5473106,0.6180411,0.35491687
2012-05-11,-0.55487823,0.6209624,0.34654146
2012-05-18,-0.53720975,0.6062739,0.3387504
2012-05-25,-0.55220205,0.62619305,0.35863343
2012-06-01,-0.562378,0.62399185,0.33578852
2012-06-08,-0.5755165,0.6349439,0.34091353
2012-06-15,-0.5742872,0.63333124,0.3443657
2012-06-22,-0.5788485,0.6374183,0.33940205
2012-06-29,-0.5788766,0.63787633,0.34081504
2012-07-06,-0.58042604,0.63783455,0.33238688
2012-07-13,-0.57786536,0.6322342,0.32173133
2012-07-20,-0.56936485,0.62098193,0.31427562
2012-07-27,-0.5656991,0.6199978,0.31649622
2012-08-03,-0.57130224,0.623633,0.31668705
2012-08-10,-0.5610409,0.6240174,0.33536392
2012-08-17,-0.55154586,0.6158971,0.34422734
2012-08-24,-0.5754417,0.63512605,0.34331423
2012-08-31,-0.575421,0.6318076,0.33969876
2012-09-07,-0.5728335,0.6313281,0.34202093
2012-09-14,-0.5833921,0.64303476,0.34089696
2012-09-21,-0.58394724,0.645588,0.34235978
2012-09-28,-0.58965963,0.64368457,0.33316547
2012-10-05,-0.59243935,0.64892864,0.33761013
2012-10-12,-0.593751,0.64629775,0.3344472
2012-10-19,-0.5907676,0.64934796,0.34287015
2012-10-26,-0.600097,0.65438485,0.33717918
2012-11-02,-0.5928603,0.6495122,0.34309572
2012-11-09,-0.5999528,0.6470946,0.33099905
2012-11-16,-0.6178832,0.6637662,0.33264133
2012-11-23,-0.6130549,0.6611425,0.33699748
2012-11-30,-0.62088865,0.6637826,0.32953343
2012-12-07,-0.6228646,0.66439646,0.3233129
2012-12-14,-0.6297936,0.6747684,0.333599
2012-12-21,-0.62262565,0.67459774,0.3391157
2012-12-28,-0.621214,0.6795334,0.35412958
2013-01-04,-0.61275357,0.6777221,0.36404827
2013-01-11,-0.63579905,0.68863773,0.36007532
2013-01-18,-0.6481465,0.69105816,0.3493104
2013-01-25,-0.65862936,0.6965436,0.34318772
2013-02-01,-0.6444202,0.6915553,0.35597494
2013-02-08,-0.6520013,0.68772095,0.36119324
2013-02-15,-0.6378383,0.67865026,0.35387456
2013-02-22,-0.6461803,0.6838068,0.34780443
2013-03-01,-0.6184388,0.65182227,0.31581962
2013-03-08,-0.63810927,0.6642365,0.31885386
2013-03-15,-0.6337993,0.65758103,0.30797985
2013-03-22,-0.6098519,0.6244752,0.28479964
2013-03-29,-0.55733246,0.5891575,0.2745631
2013-04-05,-0.3952927,0.4743895,0.2471001
2013-04-12,-0.50150484,0.56941724,0.29572728
2013-04-19,-0.5161499,0.574822,0.2777585
2013-04-26,-0.5274172,0.57806736,0.2831717
2013-05-03,-0.54195994,0.5823196,0.2752912
2013-05-10,-0.51238465,0.57840544,0.3164079
2013-05-17,-0.48562998,0.565275,0.3486016
2013-05-24,-0.47593606,0.56687355,0.36013606
2013-05-31,-0.45433637,0.5582181,0.3512671
2013-06-07,-0.50297916,0.5892701,0.34340224
2013-06-14,-0.5089284,0.59361285,0.34970123
2013-06-21,-0.51275355,0.6081941,0.36991847
2013-06-28,-0.51737344,0.6141021,0.35457093
2013-07-05,-0.5235423,0.6185037,0.3612825
2013-07-12,-0.54554075,0.6242005,0.34833857
2013-07-19,-0.5560871,0.6313562,0.34488353
2013-07-26,-0.55735606,0.6287969,0.34489018
2013-08-02,-0.54129046,0.6174277,0.3544856
2013-08-09,-0.55710995,0.6168036,0.33960736
2013-08-16,-0.55337274,0.6203845,0.34767124
2013-08-23,-0.54643214,0.61374414,0.35150725
2013-08-30,-0.55498874,0.6189785,0.3320899
2013-09-06,-0.5537529,0.6231808,0.34853637
2013-09-13,-0.5682648,0.6276735,0.32885814
2013-09-20,-0.5550026,0.60697913,0.31833282
2013-09-27,-0.55633616,0.60913503,0.31272575
2013-10-04,-0.5418129,0.59392035,0.29916477
2013-10-11,-0.543081,0.590279,0.3042784
2013-10-18,-0.5471542,0.5951879,0.2913198
2013-10-25,-0.5479398,0.59806186,0.29131463
2013-11-01,-0.5680003,0.6113018,0.2905479
2013-11-08,-0.54987407,0.5929781,0.28642198
2013-11-15,-0.5463598,0.60121375,0.29873356
2013-11-22,-0.5516828,0.60692203,0.2981059
2013-11-29,-0.5577837,0.6051377,0.2924444
2013-12-06,-0.54121274,0.60293186,0.3078094
2013-12-13,-0.5543944,0.6163167,0.309112
2013-12-20,-0.53888243,0.60596484,0.30413258
2013-12-27,-0.53928673,0.6072577,0.31181425
2014-01-03,-0.53026915,0.60385925,0.319722
2014-01-10,-0.53416365,0.60035175,0.30689096
2014-01-17,-0.55112076,0.6073466,0.30267558
2014-01-24,-0.53557473,0.5881512,0.2850484
2014-01-31,-0.5430164,0.58969826,0.28571156
2014-02-07,-0.5386761,0.5844229,0.28857836
2014-02-14,-0.54616433,0.5879341,0.28193384
2014-02-21,-0.55590236,0.59758484,0.2844963
2014-02-28,-0.5497149,0.58969873,0.27888122
2014-03-07,-0.55292857,0.59181815,0.2854795
2014-03-14,-0.5583277,0.59849674,0.2868431
2014-03-21,-0.5555918,0.5902249,0.27801937
2014-03-28,-0.55103827,0.5955351,0.28435254
2014-04-04,-0.5405074,0.5919723,0.2916443
2014-04-11,-0.557437,0.5978622,0.28500584
2014-04-18,-0.54716265,0.5923668,0.28073382
2014-04-25,-0.54549444,0.5938349,0.2876586
2014-05-02,-0.5507473,0.594062,0.28320873
2014-05-09,-0.55101323,0.5917435,0.28447255
2014-05-16,-0.55284345,0.5937067,0.2816145
2014-05-23,-0.54546994,0.5880491,0.28089815
2014-05-30,-0.551838,0.5925107,0.27598047
2014-06-06,-0.55510944,0.5954724,0.2783307
2014-06-13,-0.55382186,0.59097505,0.28164423
2014-06-20,-0.5609196,0.5971535,0.27604517
2014-06-27,-0.5580945,0.5866201,0.26451254
2014-07-04,-0.5563505,0.5895829,0.27240595
2014-07-11,-0.56542444,0.5884271,0.26604643
2014-07-18,-0.55577904,0.5838185,0.26803854
2014-07-25,-0.5524369,0.5837867,0.26584965
2014-08-01,-0.55833256,0.5870901,0.2657692
2014-08-08,-0.5533675,0.57805127,0.25876886
2014-08-15,-0.5547547,0.5798275,0.2576786
2014-08-22,-0.5409578,0.57290465,0.25865385
2014-08-29,-0.53543615,0.56119853,0.25335786
2014-09-05,-0.5359301,0.56622106,0.25943342
2014-09-12,-0.5424577,0.5737235,0.27050468
2014-09-19,-0.54284745,0.57286096,0.27040055
2014-09-26,-0.53494173,0.5569745,0.2545597
2014-10-03,-0.54434294,0.5688983,0.2572905
2014-10-10,-0.5451853,0.5610928,0.2548303
2014-10-17,-0.55133134,0.55249393,0.25275037
2014-10-24,-0.555219,0.55963254,0.25178748
2014-10-31,-0.5357811,0.54314893,0.24449378
2014-11-07,-0.52092224,0.5341723,0.24507293
2014-11-14,-0.51317686,0.5252617,0.25032422
2014-11-21,-0.5216855,0.52985704,0.2464464
2014-11-28,-0.5195098,0.5205561,0.23128462
2014-12-05,-0.5428278,0.534375,0.22766134
2014-12-12,-0.5370477,0.5265813,0.21849601
2014-12-19,-0.5310367,0.5124354,0.20994145
2014-12-26,-0.51502585,0.49339893,0.20073184
2015-01-02,-0.51615095,0.49758384,0.1969035
2015-01-09,-0.4904893,0.46713173,0.17629692
2015-01-16,-0.478984,0.44915235,0.16599843
2015-01-23,-0.5380294,0.5121411,0.18796082
2015-01-30,-0.5121893,0.49701333,0.18419653
2015-02-06,-0.498739,0.50138694,0.19969466
2015-02-13,-0.52313673,0.52664953,0.23062259
2015-02-20,-0.53122306,0.5294877,0.22384669
2015-02-27,-0.5405413,0.52794814,0.20878753
2015-03-06,-0.5326382,0.5195509,0.21737991
2015-03-13,-0.53177553,0.51919514,0.23003557
2015-03-20,-0.5181099,0.4995428,0.19699444
2015-03-27,-0.5029979,0.4956656,0.20659465
2015-04-03,-0.51025337,0.4977766,0.20590916
2015-04-10,-0.51334804,0.49422798,0.20622216
2015-04-17,-0.5003844,0.48205715,0.19145958
2015-04-24,-0.51645833,0.48970923,0.19363073
2015-05-01,-0.5030884,0.49414483,0.21524227
2015-05-08,-0.50335085,0.508183,0.23384027
2015-05-15,-0.510157,0.5012366,0.2272894
2015-05-22,-0.5200766,0.51355946,0.23645997
2015-05-29,-0.5321481,0.517543,0.22550626
2015-06-05,-0.53343403,0.5310917,0.25064734
2015-06-12,-0.5110161,0.52124983,0.25709254
2015-06-19,-0.5139655,0.5099847,0.2260205
2015-06-26,-0.50898695,0.5125236,0.24342743
2015-07-03,-0.5059035,0.5209205,0.24638875
2015-07-10,-0.52094734,0.5197664,0.2319244
2015-07-17,-0.5216214,0.5167933,0.229181
2015-07-24,-0.5138952,0.5076308,0.22278745
2015-07-31,-0.51471823,0.5103691,0.22263847
2015-08-07,-0.521182,0.51933527,0.22837
2015-08-14,-0.5260887,0.51760566,0.21999855
2015-08-21,-0.52330446,0.51262647,0.21000831
2015-08-28,-0.52278024,0.5190308,0.21766771
2015-09-04,-0.52585506,0.51771855,0.20793848
2015-09-11,-0.54156846,0.52769923,0.20371632
2015-09-18,-0.5317353,0.5173334,0.195094
2015-09-25,-0.5303153,0.51337814,0.19322199
2015-10-02,-0.52715737,0.5107912,0.19492084
2015-10-09,-0.5173042,0.5013179,0.19479354
2015-10-16,-0.5170677,0.5041914,0.19292383
2015-10-23,-0.52100295,0.5057669,0.19044882
2015-10-30,-0.524699,0.5082722,0.1907185
2015-11-06,-0.52501345,0.5121802,0.1981466
2015-11-13,-0.5279813,0.5114405,0.19663641
2015-11-20,-0.52654886,0.5052074,0.20366283
2015-11-27,-0.522153,0.5040918,0.1944194
2015-12-04,-0.5210058,0.4993996,0.20208432
2015-12-11,-0.51437664,0.48610896,0.19498059
2015-12-18,-0.5010267,0.45810154,0.18207425
2015-12-25,-0.50029284,0.46432102,0.1835327
2016-01-01,-0.50001657,0.46715295,0.17861502
2016-01-08,-0.4883341,0.45381072,0.1645279
2016-01-15,-0.50072056,0.4619998,0.16509409
2016-01-22,-0.48593783,0.45369598,0.16020815
2016-01-29,-0.50507534,0.44691062,0.141187
2016-02-05,-0.5547505,0.45914677,0.13912031
2016-02-12,-0.5483189,0.46120948,0.14511216
2016-02-19,-0.53509015,0.42211863,0.13422816
2016-02-26,-0.50144374,0.37389138,0.10190886
2016-03-04,-0.42666337,0.30706534,0.08310538
2016-03-11,-0.44442105,0.34265944,0.097544245
2016-03-18,-0.39419672,0.26640013,0.060973324
2016-03-25,-0.43001294,0.2998204,0.06560852
2016-04-01,-0.3963765,0.27579352,0.067981295
2016-04-08,-0.38615206,0.25494355,0.06470119
2016-04-15,-0.39059672,0.24213073,0.05912223
2016-04-22,-0.40458462,0.25258964,0.061842185
2016-04-29,-0.35368225,0.21776411,0.06388495
2016-05-06,-0.34926382,0.2086768,0.04629627
2016-05-13,-0.37134922,0.22631264,0.054032777
2016-05-20,-0.35787582,0.22186708,0.052054457
2016-05-27,-0.36025748,0.2186965,0.045574937
2016-06-03,-0.3591328,0.21741708,0.047398124
2016-06-10,-0.36154518,0.20304057,0.037648708
2016-06-17,-0.33654374,0.18369026,0.03418047
2016-06-24,-0.3408613,0.16853702,0.022211406
2016-07-01,-0.35472554,0.16912162,0.009522697
2016-07-08,-0.37475,0.1707428,0.007248405
2016-07-15,-0.37832206,0.18351732,0.02916152
2016-07-22,-0.4106759,0.222434,0.03604635
2016-07-29,-0.35924482,0.2017796,0.029718757
2016-08-05,-0.34468445,0.22364442,0.047827702
2016-08-12,-0.32682747,0.20045885,0.041420292
2016-08-19,-0.32910335,0.20398043,0.050951287
2016-08-26,-0.32556084,0.21117643,0.04518863
2016-09-02,-0.36798552,0.2559088,0.074523605
2016-09-09,-0.3908367,0.26949888,0.084708124
2016-09-16,-0.4297679,0.28640178,0.096488975
2016-09-23,-0.38572362,0.25573105,0.07102416
2016-09-30,-0.4227094,0.264569,0.075097986
2016-10-07,-0.4151179,0.2626925,0.08415019
2016-10-14,-0.40262663,0.25484526,0.08423015
2016-10-21,-0.39730996,0.2587729,0.07861788
2016-10-28,-0.3888522,0.25347975,0.08216954
2016-11-04,-0.3918014,0.24888746,0.077368565
2016-11-11,-0.37672442,0.24672933,0.089138374
2016-11-18,-0.33939952,0.25638562,0.10570731
2016-11-25,-0.33908448,0.2611898,0.09841199
2016-12-02,-0.3502306,0.25982064,0.10654631
2016-12-09,-0.3919959,0.2883419,0.122119196
2016-12-16,-0.3624375,0.27481836,0.13066433
2016-12-23,-0.37913653,0.29260272,0.1261556
2016-12-30,-0.40396106,0.31151536,0.11960786
2017-01-06,-0.41312766,0.31635755,0.1327024
2017-01-13,-0.41827744,0.31714496,0.13577354
2017-01-20,-0.4335473,0.3277786,0.14662698
2017-01-27,-0.42444143,0.33408198,0.14564203
2017-02-03,-0.4307849,0.332569,0.16306713
2017-02-10,-0.42366752,0.3261102,0.15362743
2017-02-17,-0.4457,0.3383534,0.16714334
2017-02-24,-0.44602728,0.3271711,0.15733041
2017-03-03,-0.465273,0.33500135,0.15960114
2017-03-10,-0.4558122,0.33449063,0.1622934
2017-03-17,-0.45060727,0.3316212,0.1551889
2017-03-24,-0.4595475,0.3418232,0.1498051
2017-03-31,-0.43587294,0.34037903,0.13841406
2017-04-07,-0.44982368,0.34768113,0.13356581
2017-04-14,-0.44508862,0.33145797,0.11992572
2017-04-21,-0.4395625,0.33008456,0.11891113
2017-04-28,-0.4359233,0.33232772,0.116386764
2017-05-05,-0.43527505,0.3348315,0.1181882
2017-05-12,-0.43133578,0.33864298,0.12587512
2017-05-19,-0.40459925,0.32432273,0.11629612
2017-05-26,-0.40857095,0.32189494,0.114649065
2017-06-02,-0.4101452,0.3247405,0.11467734
2017-06-09,-0.3923913,0.322573,0.104718715
2017-06-16,-0.37783366,0.30960932,0.10857073
2017-06-23,-0.37813312,0.31723633,0.10390414
2017-06-30,-0.37466294,0.31579685,0.11854768
2017-07-07,-0.3682259,0.3147433,0.12526588
2017-07-14,-0.36894628,0.3092462,0.12001571
2017-07-21,-0.37418368,0.31254858,0.117705174
2017-07-28,-0.371302,0.31082663,0.118171245
2017-08-04,-0.36749393,0.30670488,0.1146986
2017-08-11,-0.36967656,0.30523595,0.110965766
2017-08-18,-0.39206156,0.32092252,0.110609755
2017-08-25,-0.40975675,0.3263465,0.10710528
2017-09-01,-0.41659138,0.33013555,0.104458034
2017-09-08,-0.42406255,0.33440614,0.098785564
2017-09-15,-0.40519428,0.3226166,0.106662475
2017-09-22,-0.3940372,0.31931543,0.10413103
2017-09-29,-0.3791865,0.31506997,0.114522
2017-10-06,-0.3984712,0.3290071,0.11962699
2017-10-13,-0.39396846,0.32062474,0.12230337
2017-10-20,-0.39165482,0.3246393,0.123975426
2017-10-27,-0.3948564,0.3227907,0.12551373
2017-11-03,-0.39854676,0.3176921,0.1250734
2017-11-10,-0.40895718,0.31642994,0.12172403
2017-11-17,-0.41841003,0.3167759,0.124395914
2017-11-24,-0.42091364,0.32533035,0.11992008
2017-12-01,-0.41787726,0.33061194,0.11412225
2017-12-08,-0.40827686,0.32579094,0.11391171
2017-12-15,-0.402774,0.32208836,0.114378445
2017-12-22,-0.39565572,0.32048059,0.114638194
2017-12-29,-0.39409566,0.32068834,0.11308789
2018-01-05,-0.39378664,0.3219472,0.115781195
2018-01-12,-0.3860177,0.31746748,0.12080068
2018-01-19,-0.38288876,0.318289,0.12416802
2018-01-26,-0.3775502,0.3153194,0.1217923
2018-02-02,-0.3743997,0.31512123,0.12521854
2018-02-09,-0.38382366,0.31148255,0.12518556
2018-02-16,-0.38872835,0.30993038,0.11977008
2018-02-23,-0.38678724,0.30964854,0.11541778
2018-03-02,-0.38192305,0.30783424,0.120688565
2018-03-09,-0.38739935,0.31046897,0.11305785
2018-03-16,-0.38518226,0.30743262,0.10672899
2018-03-23,-0.38655883,0.30328253,0.10333677
2018-03-30,-0.37404168,0.30313858,0.10414501
2018-04-06,-0.3750832,0.30369952,0.106680475
2018-04-13,-0.3672116,0.2869598,0.10614191
2018-04-20,-0.35967532,0.29712462,0.11240414
2018-04-27,-0.3647433,0.30113205,0.11197551
2018-05-04,-0.36710048,0.30002332,0.106586635
2018-05-11,-0.36944586,0.30179358,0.10770951
2018-05-18,-0.37077528,0.30719435,0.113168135
2018-05-25,-0.37133834,0.30368495,0.10827775
2018-06-01,-0.36481348,0.29458097,0.108305685
2018-06-08,-0.3580204,0.29422733,0.10570043
2018-06-15,-0.36274704,0.2940181,0.104570396
2018-06-22,-0.36578754,0.29673928,0.102143124
2018-06-29,-0.3647076,0.29871148,0.101007976
2018-07-06,-0.35848156,0.2910292,0.09856813
2018-07-13,-0.35556537,0.28637457,0.099509396
2018-07-20,-0.35037586,0.28317565,0.09614057
2018-07-27,-0.38402376,0.32616317,0.11869195
2018-08-03,-0.37784865,0.3319404,0.12997137
2018-08-10,-0.3774293,0.32594913,0.1279929
2018-08-17,-0.39121208,0.33154926,0.12930794
2018-08-24,-0.38456073,0.32828116,0.12488504
2018-08-31,-0.38501766,0.32940125,0.12953347
2018-09-07,-0.379409,0.32645127,0.12722656
2018-09-14,-0.37895516,0.32329762,0.12666284
2018-09-21,-0.38291004,0.33334014,0.13404411
2018-09-28,-0.39149466,0.34212625,0.13841002
2018-10-05,-0.39691284,0.34337518,0.14432497
2018-10-12,-0.39730555,0.3429933,0.14176886
2018-10-19,-0.40502653,0.34730944,0.14252305
2018-10-26,-0.40612128,0.3431381,0.12904078
2018-11-02,-0.41283602,0.34824994,0.13605689
2018-11-09,-0.4204082,0.35250413,0.13762654
2018-11-16,-0.4176402,0.3427858,0.13073163
2018-11-23,-0.41256076,0.3388834,0.12470714
2018-11-30,-0.40674764,0.3350675,0.11900271
2018-12-07,-0.42770076,0.34678173,0.11352068
2018-12-14,-0.4260291,0.33437368,0.107200444
2018-12-21,-0.41664365,0.325752,0.103469305
2018-12-28,-0.41465706,0.32714257,0.08919221
2019-01-04,-0.42105776,0.31675696,0.083149284
2019-01-11,-0.40822208,0.3107086,0.08894838
2019-01-18,-0.4107726,0.30886698,0.09182765
2019-01-25,-0.40225634,0.3005412,0.08592647
2019-02-01,-0.39409631,0.28576103,0.076825
2019-02-08,-0.3869842,0.2824376,0.07414803
2019-02-15,-0.39020917,0.28514397,0.075649194
2019-02-22,-0.38990954,0.2831277,0.07569454
2019-03-01,-0.38499433,0.29042202,0.07949291
2019-03-08,-0.37514573,0.2759895,0.07027744
2019-03-15,-0.38402155,0.2811276,0.073584825
2019-03-22,-0.37988228,0.26706424,0.06432628
2019-03-29,-0.38207617,0.26625004,0.05926403
2019-04-05,-0.36380747,0.2642556,0.07050448
2019-04-12,-0.36413056,0.26062167,0.06733246
2019-04-19,-0.3588934,0.26742738,0.07322132
2019-04-26,-0.3629308,0.26866674,0.06683806
2019-05-10,-0.36069837,0.2644435,0.06704946
2019-05-17,-0.35318518,0.2540353,0.06747328
2019-05-24,-0.34879377,0.2520453,0.059664752
2019-05-31,-0.35214198,0.24282624,0.053204205
2019-06-07,-0.35564646,0.24014926,0.04998579
2019-06-14,-0.35246313,0.23085184,0.046448737
2019-06-21,-0.36036837,0.22540589,0.038985547
2019-06-28,-0.36612904,0.2354086,0.042286675
2019-07-05,-0.35485274,0.22704707,0.033865053
2019-07-12,-0.340802,0.22644877,0.045164574
2019-07-19,-0.34707278,0.22628048,0.042673323
2019-07-26,-0.3471343,0.21695852,0.0371669
2019-08-02,-0.3456075,0.21741678,0.034374945
