Date,2Y,5Y,7Y,10Y,15Y,20Y
1992-07-03,4.355,4.964,5.329,5.482,5.863,6.06
1992-07-10,4.223,4.936,5.334,5.492,5.872,6.101
1992-07-17,4.177,4.868,5.209,5.458,5.802,6.093
1992-07-24,4.039,4.694,5.082,5.347,5.692,6.093
1992-07-31,3.871,4.604,4.979,5.299,5.609,6.093
1992-08-07,3.845,4.707,5.075,5.296,5.647,6.147
1992-08-14,3.561,4.374,4.822,5.172,5.597,6.09
1992-08-21,3.508,4.354,4.792,5.11,5.548,6.08
1992-08-28,3.61,4.321,4.797,5.078,5.491,6.031
1992-09-04,3.743,4.445,4.855,5.064,5.528,5.684
1992-09-11,3.728,4.439,4.812,5.037,5.562,5.708
1992-09-18,3.737,4.488,4.89,5.084,5.667,5.784
1992-09-25,3.633,4.368,4.787,5.012,5.571,5.743
1992-10-02,3.518,4.262,4.717,4.999,5.548,5.719
1992-10-09,3.529,4.29,4.78,5.056,5.617,5.781
1992-10-16,3.548,4.316,4.753,5.025,5.588,5.768
1992-10-23,3.574,4.321,4.725,5.009,5.574,5.778
1992-10-30,3.508,4.234,4.69,4.97,5.558,5.76
1992-11-06,3.469,4.232,4.71,4.968,5.567,5.673
1992-11-13,3.44,4.181,4.613,4.864,5.494,5.592
1992-11-20,3.525,4.286,4.6,4.849,5.524,5.591
1992-11-27,3.572,4.228,4.594,4.876,5.521,5.581
1992-12-04,3.524,4.197,4.548,4.955,5.493,5.558
1992-12-11,3.557,4.248,4.559,4.993,5.49,5.567
1992-12-18,3.602,4.291,4.596,5.009,5.512,5.576
1992-12-25,3.609,4.247,4.559,4.975,5.494,5.55
1993-01-01,3.612,4.237,4.526,4.97,5.475,5.528
1993-01-08,3.542,4.167,4.478,4.842,5.364,5.582
1993-01-15,3.48,4.114,4.423,4.816,5.311,5.548
1993-01-22,3.431,4.06,4.368,4.735,5.238,5.405
1993-01-29,3.372,3.994,4.361,4.738,5.277,5.422
1993-02-05,3.183,3.908,4.314,4.669,5.171,5.327
1993-02-12,3.155,3.81,4.214,4.543,5.06,5.232
1993-02-19,3.125,3.73,4.124,4.425,4.985,5.093
1993-02-26,3.077,3.638,4.03,4.248,4.953,5.003
1993-03-05,3.011,3.574,3.969,4.209,4.95,5.056
1993-03-12,3.087,3.701,4.098,4.264,5.067,5.175
1993-03-19,3.151,3.787,4.148,4.347,5.097,5.233
1993-03-26,3.425,4.071,4.423,4.535,5.287,5.41
1993-04-02,3.405,4.012,4.435,4.571,5.308,5.403
1993-04-09,3.399,4.093,4.483,4.611,5.359,5.432
1993-04-16,3.331,4.039,4.429,4.57,5.347,5.424
1993-04-23,3.252,3.952,4.287,4.502,5.343,5.446
1993-04-30,3.314,4.162,4.58,4.688,5.496,5.575
1993-05-07,3.315,4.106,4.503,4.588,5.487,5.562
1993-05-14,3.315,4.179,4.626,4.849,5.539,5.576
1993-05-21,3.363,4.357,4.704,4.912,5.583,5.598
1993-05-28,3.442,4.304,4.626,4.857,5.52,5.535
1993-06-04,3.362,4.216,4.585,4.852,5.456,5.486
1993-06-11,3.307,4.159,4.515,4.808,5.397,5.479
1993-06-18,3.213,4.019,4.41,4.659,5.344,5.473
1993-06-25,3.142,4.093,4.501,4.773,5.403,5.488
1993-07-02,3.067,4.005,4.362,4.603,5.276,5.376
1993-07-09,3.077,3.932,4.272,4.525,5.203,5.271
1993-07-16,3.066,3.89,4.226,4.494,5.249,5.276
1993-07-23,3.04,3.851,4.154,4.4,5.193,5.246
1993-07-30,2.977,3.793,4.151,4.398,5.179,5.252
1993-08-06,2.936,3.748,4.067,4.466,5.164,5.325
1993-08-13,2.94,3.664,3.998,4.396,5.073,5.212
1993-08-20,3.056,3.82,4.211,4.524,5.176,5.302
1993-08-27,2.892,3.582,4.041,4.343,5.043,5.137
1993-09-03,2.825,3.517,3.94,4.301,4.996,5.06
1993-09-10,2.725,3.428,3.877,4.258,4.896,4.939
1993-09-17,2.761,3.476,3.917,4.255,4.888,4.986
1993-09-24,2.64,3.351,3.822,4.138,4.771,4.844
1993-10-01,2.595,3.199,3.704,4.027,4.656,4.711
1993-10-08,2.476,3.145,3.635,4.034,4.61,4.674
1993-10-15,2.445,3.133,3.633,4.029,4.605,4.676
1993-10-22,2.289,2.982,3.566,3.948,4.579,4.645
1993-10-29,2.137,2.891,3.478,3.91,4.511,4.586
1993-11-05,2.095,2.791,3.434,3.868,4.381,4.477
1993-11-12,2.09,2.775,3.408,3.815,4.321,4.438
1993-11-19,2.073,2.832,3.406,3.76,4.283,4.405
1993-11-26,1.873,2.592,3.36,3.703,4.244,4.373
1993-12-03,1.719,2.435,3.109,3.519,4.047,4.174
1993-12-10,1.729,2.371,3.042,3.425,3.953,4.074
1993-12-17,1.816,2.489,3.145,3.5,4.054,4.164
1993-12-24,1.661,2.303,2.982,3.369,3.9,4.002
1993-12-31,1.64,2.298,2.991,3.413,3.925,4.034
1994-01-07,1.665,2.266,2.904,3.364,3.884,4.0
1994-01-14,1.941,2.59,3.179,3.57,4.097,4.212
1994-01-21,1.98,2.76,3.37,3.787,4.322,4.403
1994-01-28,2.126,2.871,3.629,3.931,4.545,4.618
1994-02-04,2.154,3.044,3.693,3.968,4.544,4.598
1994-02-11,2.165,2.995,3.562,3.91,4.518,4.553
1994-02-18,2.211,3.092,3.659,4.023,4.569,4.571
1994-02-25,2.445,3.353,3.806,4.119,4.696,4.753
1994-03-04,2.623,3.556,4.067,4.382,4.904,4.913
1994-03-11,2.516,3.472,4.003,4.379,4.88,4.888
1994-03-18,2.606,3.483,3.992,4.352,4.866,4.895
1994-03-25,2.714,3.524,4.051,4.348,4.882,4.91
1994-04-01,2.515,3.266,3.856,4.12,4.707,4.706
1994-04-08,2.749,3.507,4.048,4.257,4.739,4.683
1994-04-15,2.68,3.434,3.897,4.208,4.731,4.638
1994-04-22,2.664,3.438,3.899,4.197,4.744,4.612
1994-04-29,2.574,3.464,3.835,4.15,4.689,4.554
1994-05-06,2.552,3.428,3.855,4.157,4.689,4.552
1994-05-13,2.394,3.247,3.746,4.044,4.55,4.42
1994-05-20,2.379,3.18,3.711,3.94,4.473,4.344
1994-05-27,2.299,3.117,3.669,3.888,4.43,4.316
1994-06-03,2.515,3.492,4.046,4.16,4.684,4.528
1994-06-10,2.556,3.514,4.071,4.167,4.705,4.53
1994-06-17,2.741,3.798,4.329,4.357,4.888,4.683
1994-06-24,2.646,3.717,4.214,4.299,4.779,4.591
1994-07-01,2.44,3.572,4.205,4.31,4.755,4.882
1994-07-08,2.474,3.605,4.232,4.327,4.773,4.908
1994-07-15,2.508,3.687,4.267,4.401,4.802,4.942
1994-07-22,2.643,3.78,4.29,4.378,4.828,4.971
1994-07-29,2.659,3.776,4.375,4.473,4.874,5.017
1994-08-05,2.864,4.041,4.606,4.747,4.934,5.063
1994-08-12,2.969,4.137,4.629,4.77,4.985,5.119
1994-08-19,2.885,4.021,4.509,4.703,4.912,5.097
1994-08-26,2.985,4.092,4.628,4.783,4.923,5.091
1994-09-02,3.033,4.189,4.623,4.765,4.944,5.079
1994-09-09,2.957,4.058,4.454,4.566,4.854,5.007
1994-09-16,2.989,4.068,4.499,4.602,4.821,4.972
1994-09-23,2.937,4.011,4.44,4.544,4.793,4.947
1994-09-30,2.908,4.046,4.516,4.6,4.775,4.926
1994-10-07,3.131,4.237,4.712,4.758,4.902,5.015
1994-10-14,3.202,4.253,4.629,4.719,4.903,5.016
1994-10-21,3.205,4.243,4.612,4.708,4.89,4.994
1994-10-28,3.238,4.273,4.646,4.737,4.942,5.044
1994-11-04,3.239,4.247,4.623,4.706,4.925,5.001
1994-11-11,3.173,4.201,4.617,4.67,4.931,5.075
1994-11-18,3.174,4.25,4.618,4.695,4.914,5.041
1994-11-25,3.034,4.118,4.518,4.603,4.867,5.0
1994-12-02,3.028,4.136,4.513,4.603,4.86,5.008
1994-12-09,2.972,4.08,4.468,4.559,4.816,4.973
1994-12-16,2.98,4.085,4.493,4.566,4.82,5.017
1994-12-23,2.962,4.094,4.464,4.54,4.79,5.006
1994-12-30,2.922,4.077,4.472,4.555,4.801,4.972
1995-01-06,3.013,4.203,4.616,4.679,4.874,5.021
1995-01-13,2.905,4.1,4.513,4.596,4.822,4.967
1995-01-20,2.881,4.144,4.583,4.647,4.821,4.953
1995-01-27,2.79,4.077,4.526,4.617,4.834,4.958
1995-02-03,2.875,4.13,4.563,4.631,4.87,4.987
1995-02-10,2.806,4.062,4.525,4.613,4.871,5.025
1995-02-17,2.794,3.967,4.453,4.552,4.824,5.009
1995-02-24,2.712,3.87,4.321,4.449,4.744,4.908
1995-03-03,2.637,3.789,4.197,4.353,4.669,4.814
1995-03-10,2.471,3.626,4.072,4.261,4.558,4.673
1995-03-17,2.271,3.384,3.883,4.099,4.427,4.514
1995-03-24,2.19,3.28,3.765,4.004,4.356,4.441
1995-03-31,1.969,3.007,3.542,3.807,4.157,4.286
1995-04-07,1.808,2.849,3.402,3.671,4.025,4.17
1995-04-14,1.674,2.767,3.234,3.518,3.932,4.084
1995-04-21,1.698,2.804,3.318,3.596,3.98,4.134
1995-04-28,1.755,2.854,3.315,3.598,3.981,4.135
1995-05-05,1.746,2.886,3.339,3.615,3.991,4.144
1995-05-12,1.664,2.817,3.254,3.553,3.95,4.106
1995-05-19,1.527,2.639,3.095,3.42,3.834,3.993
1995-05-26,1.207,2.335,2.851,3.196,3.611,3.791
1995-06-02,1.151,2.281,2.83,3.169,3.568,3.744
1995-06-09,1.132,2.273,2.8,3.124,3.519,3.707
1995-06-16,1.19,2.353,2.89,3.224,3.569,3.74
1995-06-23,1.063,2.04,2.584,2.982,3.316,3.483
1995-06-30,1.126,2.134,2.65,2.971,3.293,3.445
1995-07-07,0.902,1.91,2.404,2.805,3.079,3.248
1995-07-14,1.075,2.25,2.82,3.112,3.396,3.52
1995-07-21,1.001,2.232,2.792,3.111,3.497,3.623
1995-07-28,0.898,2.132,2.723,3.07,3.447,3.57
1995-08-04,1.012,2.327,2.965,3.193,3.613,3.694
1995-08-11,1.119,2.441,3.056,3.245,3.682,3.731
1995-08-18,1.477,2.756,3.272,3.366,3.801,3.786
1995-08-25,1.179,2.515,3.168,3.338,3.73,3.72
1995-09-01,0.971,2.368,3.068,3.228,3.645,3.663
1995-09-08,0.858,2.23,2.934,3.142,3.607,3.673
1995-09-15,0.785,2.022,2.721,3.004,3.489,3.615
1995-09-22,0.741,1.902,2.572,2.879,3.299,3.456
1995-09-29,0.574,1.904,2.585,2.875,3.314,3.477
1995-10-06,0.553,1.901,2.607,2.917,3.366,3.521
1995-10-13,0.509,1.87,2.623,2.905,3.399,3.56
1995-10-20,0.318,1.838,2.67,2.947,3.409,3.564
1995-10-27,0.434,1.887,2.638,2.985,3.43,3.573
1995-11-03,0.577,1.921,2.577,3.023,3.481,3.608
1995-11-10,0.414,1.799,2.568,2.98,3.415,3.536
1995-11-17,0.374,1.792,2.593,3.017,3.473,3.569
1995-11-24,0.332,1.661,2.461,2.934,3.45,3.531
1995-12-01,0.392,1.707,2.511,2.959,3.446,3.599
1995-12-08,0.44,1.72,2.462,2.913,3.386,3.559
1995-12-15,0.427,1.744,2.479,2.93,3.397,3.586
1995-12-22,0.537,1.909,2.637,3.016,3.473,3.647
1995-12-29,0.739,2.038,2.795,3.165,3.571,3.725
1996-01-05,0.914,2.184,2.91,3.232,3.642,3.78
1996-01-12,0.825,2.163,2.862,3.198,3.603,3.741
1996-01-19,0.88,2.176,2.865,3.189,3.584,3.73
1996-01-26,0.873,2.179,2.843,3.19,3.544,3.697
1996-02-02,0.963,2.268,2.87,3.187,3.557,3.71
1996-02-09,0.949,2.275,2.884,3.193,3.562,3.733
1996-02-16,1.146,2.419,2.955,3.252,3.588,3.755
1996-02-23,1.249,2.523,3.056,3.38,3.691,3.823
1996-03-01,1.153,2.428,2.979,3.336,3.7,3.83
1996-03-08,0.982,2.307,2.919,3.279,3.647,3.819
1996-03-15,0.913,2.264,2.889,3.222,3.623,3.795
1996-03-22,1.081,2.316,2.939,3.271,3.64,3.812
1996-03-29,1.021,2.274,2.854,3.204,3.551,3.741
1996-04-05,1.111,2.308,2.865,3.221,3.566,3.75
1996-04-12,1.197,2.465,3.013,3.321,3.688,3.855
1996-04-19,1.233,2.484,3.02,3.37,3.728,3.88
1996-04-26,1.347,2.627,3.185,3.477,3.82,3.943
1996-05-03,1.415,2.656,3.185,3.469,3.807,3.923
1996-05-10,1.348,2.587,3.09,3.426,3.759,3.879
1996-05-17,1.237,2.485,3.019,3.368,3.696,3.838
1996-05-24,1.156,2.405,2.942,3.298,3.637,3.805
1996-05-31,1.106,2.382,2.903,3.244,3.592,3.777
1996-06-07,1.213,2.432,2.962,3.277,3.584,3.763
1996-06-14,1.206,2.447,2.953,3.275,3.605,3.788
1996-06-21,1.285,2.515,3.017,3.318,3.631,3.8
1996-06-28,1.147,2.398,2.907,3.263,3.578,3.763
1996-07-05,1.276,2.498,2.999,3.287,3.638,3.808
1996-07-12,1.332,2.529,3.03,3.307,3.664,3.835
1996-07-19,1.437,2.569,3.063,3.346,3.694,3.844
1996-07-26,1.27,2.491,2.99,3.286,3.641,3.819
1996-08-02,1.306,2.511,2.985,3.292,3.658,3.823
1996-08-09,1.149,2.388,2.877,3.225,3.6,3.769
1996-08-16,1.066,2.31,2.822,3.19,3.551,3.735
1996-08-23,0.987,2.272,2.778,3.146,3.513,3.694
1996-08-30,0.779,2.049,2.58,3.009,3.411,3.593
1996-09-06,0.951,2.136,2.63,3.06,3.443,3.606
1996-09-13,0.883,2.092,2.59,2.993,3.414,3.577
1996-09-20,0.849,1.98,2.496,2.935,3.33,3.505
1996-09-27,0.907,2.061,2.622,2.98,3.367,3.539
1996-10-04,0.737,1.904,2.45,2.852,3.257,3.492
1996-10-11,0.714,1.862,2.407,2.842,3.218,3.441
1996-10-18,0.752,1.931,2.489,2.904,3.28,3.487
1996-10-25,0.683,1.774,2.307,2.751,3.16,3.394
1996-11-01,0.621,1.69,2.18,2.649,3.054,3.32
1996-11-08,0.755,1.9,2.393,2.826,3.209,3.44
1996-11-15,0.67,1.787,2.3,2.771,3.195,3.436
1996-11-22,0.69,1.784,2.302,2.758,3.187,3.432
1996-11-29,0.609,1.605,2.13,2.594,3.041,3.335
1996-12-06,0.645,1.634,2.195,2.645,3.051,3.341
1996-12-13,0.621,1.649,2.209,2.655,3.073,3.359
1996-12-20,0.508,1.535,2.091,2.593,2.999,3.303
1996-12-27,0.635,1.746,2.306,2.759,3.158,3.435
1997-01-03,0.669,1.783,2.342,2.778,3.179,3.451
1997-01-10,0.607,1.637,2.205,2.652,3.071,3.364
1997-01-17,0.618,1.619,2.164,2.63,3.052,3.361
1997-01-24,0.572,1.561,2.115,2.608,3.002,3.309
1997-01-31,0.556,1.576,2.113,2.582,2.984,3.263
1997-02-07,0.53,1.577,2.097,2.568,2.969,3.235
1997-02-14,0.54,1.605,2.15,2.588,2.997,3.256
1997-02-21,0.546,1.606,2.182,2.616,3.024,3.255
1997-02-28,0.563,1.601,2.15,2.602,3.031,3.257
1997-03-07,0.546,1.557,2.112,2.559,3.021,3.233
1997-03-14,0.502,1.443,1.957,2.426,2.869,3.102
1997-03-21,0.686,1.641,2.11,2.533,2.964,3.177
1997-03-28,0.707,1.623,2.098,2.502,2.939,3.16
1997-04-04,0.656,1.523,1.967,2.346,2.783,3.024
1997-04-11,0.709,1.545,1.99,2.366,2.783,2.984
1997-04-18,0.709,1.522,1.972,2.381,2.79,2.989
1997-04-25,0.879,1.681,2.149,2.474,2.874,3.058
1997-05-02,0.872,1.704,2.164,2.513,2.926,3.078
1997-05-09,1.048,1.963,2.437,2.785,3.184,3.304
1997-05-16,1.031,1.916,2.387,2.751,3.165,3.34
1997-05-23,1.087,1.988,2.439,2.786,3.156,3.354
1997-05-30,1.141,1.997,2.408,2.759,3.157,3.354
1997-06-06,1.152,1.97,2.386,2.717,3.073,3.3
1997-06-13,0.982,1.815,2.265,2.623,2.979,3.218
1997-06-20,0.945,1.806,2.267,2.615,2.964,3.181
1997-06-27,0.949,1.805,2.245,2.589,2.952,3.156
1997-07-04,0.854,1.674,2.139,2.531,2.862,3.093
1997-07-11,0.868,1.702,2.156,2.534,2.899,3.123
1997-07-18,0.85,1.709,2.156,2.548,2.903,3.123
1997-07-25,0.783,1.61,2.055,2.438,2.793,3.031
1997-08-01,0.713,1.528,1.971,2.345,2.712,2.964
1997-08-08,0.722,1.542,1.986,2.354,2.734,2.981
1997-08-15,0.693,1.522,1.969,2.341,2.715,2.967
1997-08-22,0.633,1.48,1.921,2.3,2.68,2.939
1997-08-29,0.588,1.44,1.887,2.256,2.635,2.897
1997-09-05,0.604,1.487,1.929,2.291,2.672,2.922
1997-09-12,0.582,1.44,1.866,2.251,2.623,2.885
1997-09-19,0.586,1.417,1.844,2.219,2.599,2.868
1997-09-26,0.554,1.348,1.772,2.177,2.544,2.818
1997-10-03,0.587,1.32,1.687,2.074,2.436,2.728
1997-10-10,0.603,1.344,1.697,2.043,2.41,2.69
1997-10-17,0.579,1.289,1.657,2.025,2.391,2.661
1997-10-24,0.573,1.26,1.589,1.951,2.316,2.591
1997-10-31,0.545,1.216,1.516,1.873,2.246,2.503
1997-11-07,0.543,1.193,1.495,1.858,2.214,2.46
1997-11-14,0.496,1.199,1.538,1.904,2.278,2.532
1997-11-21,0.478,1.249,1.626,2.019,2.448,2.685
1997-11-28,0.503,1.262,1.586,2.017,2.441,2.686
1997-12-05,0.552,1.207,1.541,1.888,2.258,2.525
1997-12-12,0.579,1.259,1.61,1.936,2.349,2.565
1997-12-19,0.642,1.264,1.594,1.918,2.329,2.553
1997-12-26,0.644,1.284,1.6,1.92,2.326,2.562
1998-01-02,0.652,1.298,1.606,1.934,2.337,2.572
1998-01-09,0.633,1.249,1.557,1.893,2.275,2.52
1998-01-16,0.597,1.269,1.598,1.922,2.313,2.556
1998-01-23,0.745,1.423,1.755,2.07,2.486,2.697
1998-01-30,0.796,1.448,1.735,2.009,2.419,2.638
1998-02-06,0.845,1.461,1.736,2.025,2.436,2.652
1998-02-13,0.763,1.382,1.679,1.98,2.38,2.592
1998-02-20,0.721,1.325,1.603,1.909,2.303,2.54
1998-02-27,0.643,1.297,1.645,1.919,2.314,2.545
1998-03-06,0.621,1.267,1.604,1.919,2.294,2.541
1998-03-13,0.592,1.225,1.537,1.835,2.225,2.459
1998-03-20,0.614,1.231,1.539,1.831,2.21,2.429
1998-03-27,0.666,1.295,1.62,1.908,2.29,2.521
1998-04-03,0.677,1.345,1.682,1.956,2.349,2.577
1998-04-10,0.607,1.255,1.603,1.907,2.303,2.544
1998-04-17,0.603,1.206,1.523,1.828,2.21,2.451
1998-04-24,0.559,1.179,1.526,1.83,2.223,2.461
1998-05-01,0.522,1.12,1.443,1.736,2.123,2.376
1998-05-08,0.422,1.0,1.33,1.636,2.017,2.277
1998-05-15,0.449,0.998,1.296,1.595,1.991,2.237
1998-05-22,0.424,0.949,1.258,1.565,1.953,2.194
1998-05-29,0.438,0.925,1.218,1.507,1.895,2.151
1998-06-05,0.484,0.92,1.194,1.478,1.828,2.064
1998-06-12,0.449,0.957,1.251,1.533,1.883,2.079
1998-06-19,0.541,1.01,1.303,1.59,1.949,2.156
1998-06-26,0.565,1.002,1.269,1.552,1.893,2.121
1998-07-03,0.563,1.078,1.379,1.653,2.021,2.242
1998-07-10,0.575,1.108,1.408,1.677,2.049,2.272
1998-07-17,0.62,1.157,1.465,1.747,2.132,2.353
1998-07-24,0.621,1.132,1.423,1.69,2.07,2.307
1998-07-31,0.541,1.006,1.286,1.572,1.954,2.192
1998-08-07,0.508,0.961,1.232,1.518,1.896,2.136
1998-08-14,0.518,0.958,1.224,1.495,1.874,2.106
1998-08-21,0.503,0.958,1.219,1.496,1.87,2.099
1998-08-28,0.461,0.882,1.11,1.368,1.741,1.985
1998-09-04,0.442,0.879,1.111,1.368,1.754,1.957
1998-09-11,0.235,0.625,0.833,1.038,1.396,1.603
1998-09-18,0.297,0.574,0.711,0.879,1.245,1.418
1998-09-25,0.359,0.634,0.727,0.891,1.268,1.447
1998-10-02,0.36,0.602,0.678,0.772,1.085,1.252
1998-10-09,0.373,0.658,0.776,0.874,1.206,1.399
1998-10-16,0.409,0.744,0.856,0.941,1.303,1.465
1998-10-23,0.346,0.688,0.829,0.924,1.31,1.47
1998-10-30,0.32,0.64,0.761,0.879,1.296,1.481
1998-11-06,0.265,0.625,0.77,0.897,1.291,1.472
1998-11-13,0.236,0.583,0.731,0.879,1.277,1.461
1998-11-20,0.272,0.621,0.782,0.984,1.423,1.616
1998-11-27,0.333,0.753,1.004,1.154,1.631,1.815
1998-12-04,0.394,0.764,0.963,1.165,1.638,1.825
1998-12-11,0.463,0.888,1.068,1.31,1.797,1.99
1998-12-18,0.505,0.968,1.185,1.47,1.911,2.081
1998-12-25,0.718,1.305,1.591,1.881,2.368,2.459
1999-01-01,0.802,1.523,1.887,2.117,2.637,2.699
1999-01-08,0.708,1.34,1.694,1.94,2.419,2.515
1999-01-15,0.62,1.188,1.523,1.791,2.319,2.447
1999-01-22,0.64,1.262,1.622,1.867,2.433,2.623
1999-01-29,0.682,1.433,1.814,2.07,2.629,2.777
1999-02-05,0.661,1.633,2.088,2.43,2.99,3.171
1999-02-12,0.6,1.431,1.836,2.186,2.742,2.961
1999-02-19,0.363,1.077,1.495,1.885,2.457,2.753
1999-02-26,0.4,1.176,1.61,1.993,2.571,2.831
1999-03-05,0.273,0.889,1.303,1.685,2.258,2.548
1999-03-12,0.331,1.0,1.456,1.833,2.435,2.694
1999-03-19,0.299,0.945,1.404,1.784,2.354,2.596
1999-03-26,0.296,0.874,1.34,1.748,2.313,2.538
1999-04-02,0.345,0.911,1.332,1.695,2.261,2.502
1999-04-09,0.313,0.845,1.233,1.584,2.144,2.41
1999-04-16,0.292,0.811,1.209,1.592,2.149,2.399
1999-04-23,0.25,0.726,1.126,1.488,2.08,2.34
1999-04-30,0.204,0.687,1.064,1.387,1.972,2.229
1999-05-07,0.179,0.621,0.972,1.289,1.842,2.099
1999-05-14,0.118,0.514,0.874,1.223,1.755,2.012
1999-05-21,0.125,0.569,0.954,1.326,1.888,2.156
1999-05-28,0.121,0.61,1.035,1.46,2.057,2.336
1999-06-04,0.161,0.721,1.189,1.595,2.239,2.521
1999-06-11,0.274,0.85,1.301,1.699,2.396,2.676
1999-06-18,0.259,0.816,1.251,1.68,2.391,2.723
1999-06-25,0.335,0.94,1.377,1.772,2.38,2.698
1999-07-02,0.368,0.928,1.328,1.694,2.29,2.598
1999-07-09,0.396,0.97,1.35,1.686,2.325,2.655
1999-07-16,0.386,1.049,1.421,1.766,2.4,2.719
1999-07-23,0.32,0.903,1.286,1.652,2.283,2.621
1999-07-30,0.407,1.038,1.429,1.74,2.36,2.683
1999-08-06,0.42,1.058,1.46,1.772,2.331,2.655
1999-08-13,0.449,1.139,1.518,1.825,2.384,2.657
1999-08-20,0.365,1.078,1.475,1.841,2.402,2.688
1999-08-27,0.39,1.165,1.549,1.923,2.456,2.719
1999-09-03,0.336,1.069,1.477,1.838,2.387,2.649
1999-09-10,0.375,1.084,1.456,1.8,2.37,2.631
1999-09-17,0.3,0.932,1.309,1.722,2.307,2.585
1999-09-24,0.27,0.882,1.274,1.63,2.232,2.51
1999-10-01,0.286,0.881,1.263,1.583,2.208,2.478
1999-10-08,0.303,0.971,1.409,1.679,2.316,2.564
1999-10-15,0.261,0.931,1.403,1.711,2.332,2.573
1999-10-22,0.275,1.011,1.507,1.831,2.396,2.622
1999-10-29,0.286,0.944,1.42,1.743,2.295,2.537
1999-11-05,0.272,0.918,1.363,1.711,2.248,2.501
1999-11-12,0.263,0.922,1.384,1.729,2.253,2.505
1999-11-19,0.294,0.989,1.492,1.815,2.356,2.59
1999-11-26,0.393,1.103,1.547,1.848,2.379,2.595
1999-12-03,0.377,0.99,1.459,1.778,2.29,2.513
1999-12-10,0.356,0.981,1.432,1.768,2.263,2.502
1999-12-17,0.341,0.984,1.464,1.781,2.25,2.49
1999-12-24,0.395,1.014,1.44,1.746,2.184,2.429
1999-12-31,0.36,0.94,1.361,1.68,2.102,2.356
2000-01-07,0.406,1.026,1.435,1.738,2.145,2.384
2000-01-14,0.414,1.03,1.444,1.75,2.133,2.36
2000-01-21,0.41,1.032,1.413,1.722,2.131,2.346
2000-01-28,0.371,0.931,1.28,1.62,2.032,2.248
2000-02-04,0.421,0.983,1.467,1.761,2.198,2.373
2000-02-11,0.433,1.069,1.541,1.81,2.262,2.417
2000-02-18,0.398,1.03,1.481,1.783,2.187,2.332
2000-02-25,0.412,1.091,1.562,1.861,2.258,2.39
2000-03-03,0.425,1.068,1.504,1.781,2.117,2.264
2000-03-10,0.44,1.106,1.533,1.815,2.143,2.266
2000-03-17,0.468,1.164,1.565,1.831,2.161,2.285
2000-03-24,0.473,1.178,1.596,1.862,2.178,2.308
2000-03-31,0.493,1.128,1.516,1.776,2.058,2.199
2000-04-07,0.453,1.112,1.455,1.727,1.983,2.12
2000-04-14,0.51,1.178,1.548,1.794,2.053,2.139
2000-04-21,0.469,1.129,1.475,1.748,2.034,2.11
2000-04-28,0.437,1.096,1.467,1.739,2.071,2.15
2000-05-05,0.424,1.075,1.443,1.712,2.065,2.159
2000-05-12,0.39,1.069,1.426,1.689,2.015,2.12
2000-05-19,0.398,1.077,1.425,1.714,2.079,2.198
2000-05-26,0.373,1.04,1.374,1.665,1.997,2.108
2000-06-02,0.439,1.08,1.402,1.668,1.981,2.073
2000-06-09,0.45,1.081,1.393,1.658,1.988,2.094
2000-06-16,0.422,1.039,1.338,1.628,1.932,2.043
2000-06-23,0.482,1.102,1.379,1.652,1.97,2.089
2000-06-30,0.524,1.131,1.437,1.712,1.997,2.116
2000-07-07,0.505,1.116,1.442,1.723,2.031,2.164
2000-07-14,0.486,1.072,1.399,1.685,2.011,2.165
2000-07-21,0.479,1.074,1.382,1.683,2.005,2.166
2000-07-28,0.446,1.053,1.35,1.65,1.995,2.171
2000-08-04,0.457,1.046,1.335,1.652,1.959,2.132
2000-08-11,0.521,1.095,1.393,1.694,1.994,2.158
2000-08-18,0.548,1.128,1.441,1.756,2.079,2.249
2000-08-25,0.613,1.236,1.564,1.849,2.173,2.329
2000-09-01,0.662,1.296,1.647,1.924,2.243,2.388
2000-09-08,0.628,1.244,1.56,1.845,2.161,2.321
2000-09-15,0.623,1.249,1.571,1.876,2.22,2.383
2000-09-22,0.619,1.204,1.527,1.838,2.216,2.391
2000-09-29,0.646,1.209,1.512,1.824,2.236,2.43
2000-10-06,0.618,1.177,1.468,1.799,2.208,2.421
2000-10-13,0.586,1.151,1.471,1.835,2.301,2.531
2000-10-20,0.579,1.139,1.445,1.829,2.293,2.531
2000-10-27,0.575,1.146,1.471,1.829,2.265,2.501
2000-11-03,0.564,1.123,1.446,1.81,2.246,2.486
2000-11-10,0.582,1.141,1.426,1.803,2.227,2.464
2000-11-17,0.562,1.102,1.381,1.766,2.158,2.383
2000-11-24,0.555,1.071,1.318,1.664,2.014,2.225
2000-12-01,0.555,0.996,1.243,1.622,1.963,2.16
2000-12-08,0.563,0.974,1.209,1.589,2.003,2.22
2000-12-15,0.555,1.038,1.306,1.655,2.004,2.207
2000-12-22,0.517,0.955,1.202,1.582,1.954,2.189
2000-12-29,0.515,0.998,1.264,1.65,1.993,2.217
2001-01-05,0.454,0.938,1.22,1.63,1.969,2.196
2001-01-12,0.443,0.885,1.109,1.48,1.841,2.074
2001-01-19,0.416,0.862,1.107,1.484,1.839,2.06
2001-01-26,0.371,0.774,1.016,1.414,1.734,1.95
2001-02-02,0.417,0.877,1.128,1.494,1.812,2.017
2001-02-09,0.339,0.757,1.014,1.408,1.74,1.965
2001-02-16,0.324,0.74,0.995,1.377,1.701,1.912
2001-02-23,0.278,0.731,1.013,1.407,1.709,1.897
2001-03-02,0.179,0.591,0.846,1.217,1.485,1.662
2001-03-09,0.18,0.601,0.866,1.21,1.508,1.655
2001-03-16,0.106,0.482,0.757,1.14,1.461,1.642
2001-03-23,0.105,0.528,0.777,1.149,1.434,1.601
2001-03-30,0.133,0.589,0.851,1.24,1.599,1.775
2001-04-06,0.117,0.56,0.853,1.241,1.598,1.78
2001-04-13,0.116,0.635,0.993,1.399,1.778,1.948
2001-04-20,0.099,0.62,0.991,1.44,1.876,2.086
2001-04-27,0.097,0.534,0.85,1.325,1.696,1.945
2001-05-04,0.099,0.559,0.879,1.37,1.753,2.002
2001-05-11,0.053,0.458,0.775,1.277,1.659,1.932
2001-05-18,0.045,0.434,0.761,1.273,1.634,1.909
2001-05-25,0.056,0.469,0.782,1.251,1.645,1.93
2001-06-01,0.052,0.423,0.732,1.22,1.601,1.901
2001-06-08,0.055,0.438,0.759,1.219,1.632,1.928
2001-06-15,0.054,0.4,0.699,1.172,1.587,1.87
2001-06-22,0.055,0.397,0.69,1.171,1.574,1.862
2001-06-29,0.073,0.403,0.687,1.183,1.568,1.849
2001-07-06,0.077,0.405,0.715,1.233,1.652,1.959
2001-07-13,0.078,0.441,0.789,1.291,1.7,1.996
2001-07-20,0.084,0.478,0.854,1.36,1.802,2.104
2001-07-27,0.09,0.457,0.804,1.316,1.705,2.007
2001-08-03,0.104,0.492,0.837,1.366,1.784,2.073
2001-08-10,0.102,0.457,0.794,1.314,1.723,2.005
2001-08-17,0.08,0.438,0.767,1.329,1.757,2.044
2001-08-24,0.09,0.476,0.804,1.339,1.762,2.029
2001-08-31,0.086,0.497,0.822,1.328,1.745,2.011
2001-09-07,0.065,0.502,0.861,1.364,1.788,2.043
2001-09-14,0.065,0.461,0.842,1.373,1.798,2.052
2001-09-21,0.08,0.492,0.842,1.393,1.777,2.023
2001-09-28,0.085,0.489,0.857,1.409,1.791,2.051
2001-10-05,0.084,0.473,0.832,1.388,1.789,2.054
2001-10-12,0.083,0.476,0.84,1.387,1.812,2.059
2001-10-19,0.085,0.475,0.81,1.369,1.788,2.042
2001-10-26,0.085,0.463,0.791,1.338,1.758,2.015
2001-11-02,0.087,0.469,0.792,1.32,1.723,1.973
2001-11-09,0.083,0.478,0.819,1.336,1.756,2.013
2001-11-16,0.089,0.504,0.867,1.372,1.771,2.023
2001-11-23,0.09,0.505,0.848,1.335,1.755,2.011
2001-11-30,0.105,0.524,0.902,1.355,1.779,2.031
2001-12-07,0.09,0.51,0.904,1.364,1.8,2.051
2001-12-14,0.085,0.496,0.855,1.34,1.776,2.036
2001-12-21,0.075,0.481,0.837,1.32,1.739,1.999
2001-12-28,0.076,0.51,0.903,1.369,1.78,2.03
2002-01-04,0.079,0.548,0.956,1.401,1.812,2.056
2002-01-11,0.076,0.541,0.949,1.4,1.814,2.058
2002-01-18,0.074,0.59,1.021,1.425,1.839,2.078
2002-01-25,0.071,0.647,1.101,1.472,1.887,2.118
2002-02-01,0.063,0.696,1.153,1.508,1.972,2.2
2002-02-08,0.057,0.632,1.083,1.516,1.979,2.185
2002-02-15,0.055,0.642,1.071,1.503,1.929,2.141
2002-02-22,0.08,0.645,1.061,1.514,1.94,2.154
2002-03-01,0.081,0.641,1.048,1.502,1.92,2.125
2002-03-08,0.065,0.597,1.004,1.449,1.846,2.043
2002-03-15,0.059,0.568,0.977,1.45,1.862,2.046
2002-03-22,0.045,0.551,0.971,1.435,1.892,2.078
2002-03-29,0.051,0.523,0.936,1.399,1.834,2.052
2002-04-05,0.055,0.513,0.91,1.386,1.806,2.039
2002-04-12,0.053,0.518,0.919,1.392,1.786,2.025
2002-04-19,0.055,0.521,0.929,1.405,1.816,2.038
2002-04-26,0.055,0.536,0.954,1.417,1.852,2.069
2002-05-03,0.05,0.5,0.89,1.378,1.816,2.039
2002-05-10,0.052,0.502,0.883,1.366,1.784,2.013
2002-05-17,0.051,0.486,0.875,1.365,1.762,2.002
2002-05-24,0.061,0.529,0.939,1.394,1.79,2.031
2002-05-31,0.067,0.5,0.888,1.371,1.788,2.012
2002-06-07,0.068,0.476,0.865,1.35,1.762,2.005
2002-06-14,0.069,0.457,0.854,1.353,1.761,2.013
2002-06-21,0.065,0.428,0.815,1.324,1.711,1.975
2002-06-28,0.06,0.411,0.8,1.305,1.692,1.951
2002-07-05,0.06,0.434,0.813,1.311,1.697,1.948
2002-07-12,0.055,0.408,0.789,1.285,1.665,1.918
2002-07-19,0.05,0.405,0.764,1.261,1.627,1.876
2002-07-26,0.045,0.439,0.829,1.333,1.711,1.958
2002-08-02,0.033,0.398,0.781,1.296,1.687,1.957
2002-08-09,0.032,0.378,0.727,1.261,1.638,1.913
2002-08-16,0.031,0.379,0.717,1.286,1.707,1.976
2002-08-23,0.015,0.337,0.684,1.226,1.641,1.921
2002-08-30,0.02,0.309,0.625,1.144,1.547,1.831
2002-09-06,0.02,0.3,0.602,1.103,1.484,1.764
2002-09-13,0.025,0.284,0.577,1.017,1.385,1.657
2002-09-20,0.045,0.35,0.752,1.288,1.66,1.898
2002-09-27,0.055,0.357,0.698,1.202,1.589,1.882
2002-10-04,0.043,0.305,0.626,1.146,1.555,1.87
2002-10-11,0.04,0.285,0.579,1.101,1.53,1.829
2002-10-18,0.04,0.299,0.589,1.092,1.486,1.789
2002-10-25,0.046,0.301,0.59,1.072,1.449,1.743
2002-11-01,0.038,0.275,0.519,0.98,1.329,1.638
2002-11-08,0.04,0.297,0.536,1.001,1.328,1.631
2002-11-15,0.04,0.309,0.571,1.016,1.337,1.635
2002-11-22,0.055,0.323,0.585,1.0,1.339,1.637
2002-11-29,0.055,0.304,0.542,0.973,1.335,1.645
2002-12-06,0.055,0.328,0.581,1.003,1.362,1.681
2002-12-13,0.055,0.309,0.558,0.982,1.326,1.632
2002-12-20,0.055,0.296,0.541,0.944,1.279,1.585
2002-12-27,0.05,0.297,0.534,0.915,1.247,1.543
2003-01-03,0.05,0.297,0.531,0.906,1.239,1.536
2003-01-10,0.05,0.31,0.559,0.87,1.15,1.428
2003-01-17,0.05,0.278,0.505,0.834,1.084,1.331
2003-01-24,0.05,0.256,0.475,0.812,1.113,1.359
2003-01-31,0.043,0.257,0.477,0.81,1.094,1.324
2003-02-07,0.042,0.283,0.496,0.839,1.145,1.415
2003-02-14,0.045,0.29,0.499,0.839,1.13,1.408
2003-02-21,0.05,0.285,0.48,0.833,1.121,1.41
2003-02-28,0.05,0.266,0.452,0.786,1.055,1.308
2003-03-07,0.05,0.253,0.435,0.733,0.992,1.224
2003-03-14,0.05,0.241,0.424,0.732,1.007,1.238
2003-03-21,0.055,0.262,0.446,0.747,0.979,1.215
2003-03-28,0.06,0.267,0.45,0.748,0.969,1.21
2003-04-04,0.06,0.254,0.446,0.699,0.893,1.117
2003-04-11,0.06,0.246,0.434,0.679,0.873,1.087
2003-04-18,0.055,0.235,0.398,0.634,0.805,0.983
2003-04-25,0.055,0.231,0.39,0.626,0.788,0.96
2003-05-02,0.045,0.21,0.362,0.611,0.758,0.938
2003-05-09,0.045,0.197,0.352,0.583,0.731,0.906
2003-05-16,0.044,0.177,0.326,0.579,0.73,0.897
2003-05-23,0.04,0.175,0.326,0.582,0.76,0.943
2003-05-30,0.04,0.162,0.272,0.538,0.722,0.913
2003-06-06,0.035,0.154,0.257,0.502,0.686,0.886
2003-06-13,0.035,0.165,0.238,0.443,0.616,0.801
2003-06-20,0.04,0.22,0.391,0.588,0.777,0.951
2003-06-27,0.06,0.293,0.482,0.719,0.897,1.097
2003-07-04,0.105,0.461,0.725,1.04,1.244,1.464
2003-07-11,0.084,0.384,0.652,0.981,1.161,1.398
2003-07-18,0.095,0.385,0.622,0.958,1.152,1.345
2003-07-25,0.086,0.339,0.592,0.964,1.224,1.434
2003-08-01,0.07,0.352,0.602,0.963,1.196,1.429
2003-08-08,0.07,0.328,0.539,0.881,1.159,1.4
2003-08-15,0.079,0.431,0.719,1.102,1.393,1.631
2003-08-22,0.171,0.609,0.931,1.335,1.583,1.818
2003-08-29,0.187,0.72,1.061,1.432,1.645,1.846
2003-09-05,0.163,0.749,1.133,1.441,1.615,1.792
2003-09-12,0.158,0.742,1.142,1.527,1.754,1.95
2003-09-19,0.134,0.636,0.998,1.401,1.621,1.832
2003-09-26,0.168,0.655,1.007,1.409,1.656,1.849
2003-10-03,0.123,0.599,0.972,1.383,1.631,1.827
2003-10-10,0.092,0.573,0.947,1.35,1.598,1.803
2003-10-17,0.109,0.636,1.057,1.426,1.675,1.871
2003-10-24,0.107,0.6,0.97,1.368,1.634,1.86
2003-10-31,0.137,0.654,1.057,1.463,1.742,1.97
2003-11-07,0.164,0.77,1.167,1.537,1.806,2.041
2003-11-14,0.13,0.623,0.98,1.365,1.611,1.82
2003-11-21,0.126,0.616,0.94,1.321,1.595,1.819
2003-11-28,0.132,0.577,0.928,1.315,1.577,1.797
2003-12-05,0.135,0.649,1.011,1.39,1.62,1.869
2003-12-12,0.115,0.552,0.905,1.288,1.541,1.784
2003-12-19,0.114,0.561,0.931,1.311,1.576,1.829
2003-12-26,0.102,0.57,0.924,1.316,1.554,1.813
2004-01-02,0.11,0.6,0.977,1.363,1.606,1.862
2004-01-09,0.101,0.595,0.963,1.357,1.587,1.85
2004-01-16,0.083,0.526,0.875,1.285,1.544,1.815
2004-01-23,0.076,0.546,0.916,1.339,1.604,1.874
2004-01-30,0.068,0.521,0.888,1.322,1.586,1.871
2004-02-06,0.057,0.496,0.828,1.274,1.552,1.851
2004-02-13,0.048,0.506,0.833,1.253,1.533,1.841
2004-02-20,0.055,0.475,0.791,1.204,1.472,1.784
2004-02-27,0.056,0.467,0.812,1.243,1.531,1.846
2004-03-05,0.115,0.627,1.0,1.397,1.646,1.936
2004-03-12,0.082,0.502,0.829,1.246,1.519,1.848
2004-03-19,0.125,0.592,0.953,1.365,1.595,1.917
2004-03-26,0.112,0.603,0.981,1.399,1.631,1.944
2004-04-02,0.119,0.612,1.012,1.424,1.653,1.951
2004-04-09,0.128,0.651,1.055,1.481,1.741,2.056
2004-04-16,0.129,0.655,1.059,1.493,1.765,2.099
2004-04-23,0.127,0.648,1.06,1.505,1.77,2.089
2004-04-30,0.135,0.686,1.093,1.535,1.804,2.122
2004-05-07,0.131,0.616,1.005,1.475,1.762,2.089
2004-05-14,0.118,0.644,1.037,1.51,1.794,2.129
2004-05-21,0.13,0.624,0.989,1.475,1.756,2.105
2004-05-28,0.134,0.669,1.053,1.519,1.787,2.103
2004-06-04,0.122,0.714,1.117,1.583,1.862,2.183
2004-06-11,0.216,0.903,1.323,1.759,2.021,2.306
2004-06-18,0.209,0.946,1.429,1.847,2.114,2.375
2004-06-25,0.182,0.873,1.357,1.82,2.114,2.38
2004-07-02,0.157,0.803,1.275,1.785,2.077,2.363
2004-07-09,0.152,0.844,1.317,1.791,2.098,2.398
2004-07-16,0.164,0.842,1.275,1.765,2.074,2.381
2004-07-23,0.192,0.884,1.326,1.801,2.096,2.391
2004-07-30,0.205,0.908,1.363,1.854,2.157,2.445
2004-08-06,0.188,0.805,1.223,1.7,1.991,2.294
2004-08-13,0.162,0.74,1.129,1.592,1.884,2.202
2004-08-20,0.15,0.732,1.144,1.598,1.89,2.192
2004-08-27,0.157,0.739,1.14,1.602,1.883,2.184
2004-09-03,0.144,0.698,1.091,1.538,1.811,2.12
2004-09-10,0.136,0.679,1.064,1.501,1.797,2.094
2004-09-17,0.134,0.662,1.04,1.495,1.802,2.095
2004-09-24,0.135,0.616,0.968,1.426,1.728,2.026
2004-10-01,0.127,0.643,1.037,1.48,1.779,2.086
2004-10-08,0.127,0.681,1.093,1.563,1.865,2.169
2004-10-15,0.123,0.622,0.987,1.452,1.76,2.067
2004-10-22,0.126,0.645,1.019,1.494,1.807,2.112
2004-10-29,0.118,0.638,1.008,1.499,1.804,2.116
2004-11-05,0.12,0.668,1.05,1.517,1.815,2.123
2004-11-12,0.107,0.645,1.012,1.485,1.789,2.115
2004-11-19,0.105,0.604,0.967,1.447,1.743,2.068
2004-11-26,0.101,0.611,0.961,1.449,1.757,2.088
2004-12-03,0.104,0.593,0.943,1.42,1.719,2.049
2004-12-10,0.091,0.557,0.887,1.376,1.695,2.036
2004-12-17,0.084,0.588,0.925,1.385,1.695,2.016
2004-12-24,0.091,0.557,0.884,1.359,1.665,1.989
2004-12-31,0.103,0.604,0.957,1.437,1.742,2.055
2005-01-07,0.095,0.583,0.921,1.404,1.721,2.039
2005-01-14,0.089,0.574,0.901,1.383,1.698,2.027
2005-01-21,0.095,0.544,0.866,1.351,1.667,2.004
2005-01-28,0.086,0.528,0.832,1.32,1.625,1.975
2005-02-04,0.087,0.549,0.864,1.321,1.602,1.925
2005-02-11,0.112,0.615,0.962,1.403,1.688,2.01
2005-02-18,0.109,0.61,0.961,1.421,1.726,2.06
2005-02-25,0.112,0.617,0.975,1.431,1.728,2.068
2005-03-04,0.129,0.673,1.052,1.498,1.799,2.121
2005-03-11,0.125,0.662,1.021,1.465,1.757,2.084
2005-03-18,0.109,0.622,0.966,1.408,1.709,2.036
2005-03-25,0.107,0.574,0.914,1.374,1.658,1.992
2005-04-01,0.092,0.537,0.868,1.341,1.626,1.962
2005-04-08,0.086,0.555,0.883,1.358,1.661,1.998
2005-04-15,0.074,0.511,0.832,1.308,1.611,1.944
2005-04-22,0.081,0.499,0.816,1.296,1.596,1.934
2005-04-29,0.076,0.458,0.776,1.247,1.553,1.896
2005-05-06,0.068,0.441,0.749,1.231,1.546,1.897
2005-05-13,0.075,0.482,0.793,1.291,1.611,1.963
2005-05-20,0.09,0.485,0.803,1.283,1.596,1.945
2005-05-27,0.076,0.462,0.781,1.267,1.581,1.934
2005-06-03,0.079,0.456,0.745,1.226,1.547,1.89
2005-06-10,0.078,0.442,0.735,1.209,1.538,1.89
2005-06-17,0.084,0.503,0.829,1.291,1.613,1.961
2005-06-24,0.076,0.433,0.74,1.211,1.529,1.892
2005-07-01,0.07,0.415,0.709,1.178,1.489,1.859
2005-07-08,0.073,0.439,0.737,1.205,1.526,1.902
2005-07-15,0.071,0.493,0.817,1.272,1.581,1.958
2005-07-22,0.075,0.467,0.768,1.235,1.564,1.95
2005-07-29,0.104,0.536,0.85,1.307,1.639,2.01
2005-08-05,0.12,0.585,0.94,1.382,1.691,2.045
2005-08-12,0.153,0.658,1.013,1.438,1.734,2.087
2005-08-19,0.13,0.634,0.984,1.417,1.727,2.098
2005-08-26,0.158,0.653,0.979,1.41,1.714,2.061
2005-09-02,0.105,0.535,0.86,1.299,1.625,1.987
2005-09-09,0.142,0.589,0.9,1.328,1.645,2.014
2005-09-16,0.164,0.624,0.939,1.346,1.645,2.013
2005-09-23,0.166,0.652,0.957,1.368,1.642,2.014
2005-09-30,0.221,0.773,1.109,1.472,1.707,2.056
2005-10-07,0.217,0.792,1.144,1.512,1.747,2.077
2005-10-14,0.26,0.863,1.209,1.564,1.829,2.155
2005-10-21,0.264,0.84,1.17,1.513,1.784,2.075
2005-10-28,0.262,0.818,1.16,1.519,1.799,2.072
2005-11-04,0.323,0.985,1.313,1.605,1.848,2.077
2005-11-11,0.288,0.91,1.247,1.57,1.839,2.075
2005-11-18,0.246,0.793,1.116,1.469,1.776,2.039
2005-11-25,0.229,0.779,1.091,1.453,1.745,2.009
2005-12-02,0.242,0.825,1.157,1.491,1.768,2.037
2005-12-09,0.251,0.858,1.212,1.538,1.805,2.09
2005-12-16,0.251,0.857,1.201,1.514,1.783,2.044
2005-12-23,0.275,0.906,1.242,1.546,1.79,2.044
2005-12-30,0.281,0.854,1.171,1.473,1.731,1.989
2006-01-06,0.27,0.809,1.115,1.445,1.724,1.992
2006-01-13,0.258,0.831,1.131,1.441,1.703,1.958
2006-01-20,0.252,0.826,1.153,1.471,1.759,2.014
2006-01-27,0.296,0.897,1.23,1.536,1.805,2.043
2006-02-03,0.309,0.964,1.305,1.582,1.844,2.065
2006-02-10,0.361,1.041,1.377,1.597,1.862,2.061
2006-02-17,0.422,1.042,1.318,1.53,1.766,1.946
2006-02-24,0.479,1.122,1.41,1.6,1.833,2.009
2006-03-03,0.492,1.098,1.379,1.603,1.829,2.009
2006-03-10,0.471,1.106,1.415,1.644,1.858,2.035
2006-03-17,0.547,1.184,1.489,1.702,1.92,2.087
2006-03-24,0.588,1.23,1.528,1.718,1.893,2.04
2006-03-31,0.667,1.303,1.575,1.754,1.916,2.048
2006-04-07,0.667,1.385,1.678,1.867,2.056,2.201
2006-04-14,0.67,1.409,1.733,1.952,2.169,2.318
2006-04-21,0.625,1.364,1.682,1.9,2.126,2.26
2006-04-28,0.649,1.375,1.691,1.913,2.11,2.237
2006-05-05,0.641,1.354,1.676,1.912,2.11,2.238
2006-05-12,0.794,1.504,1.798,1.988,2.183,2.29
2006-05-19,0.759,1.414,1.704,1.918,2.124,2.237
2006-05-26,0.845,1.385,1.632,1.867,2.07,2.176
2006-06-02,0.848,1.416,1.678,1.902,2.109,2.234
2006-06-09,0.73,1.3,1.565,1.837,2.069,2.228
2006-06-16,0.754,1.285,1.558,1.812,2.066,2.24
2006-06-23,0.797,1.358,1.633,1.873,2.111,2.261
2006-06-30,0.825,1.411,1.692,1.914,2.155,2.291
2006-07-07,0.894,1.494,1.761,1.958,2.195,2.315
2006-07-14,0.78,1.353,1.624,1.851,2.121,2.251
2006-07-21,0.75,1.328,1.606,1.829,2.112,2.255
2006-07-28,0.807,1.405,1.685,1.932,2.19,2.333
2006-08-04,0.804,1.384,1.647,1.882,2.125,2.266
2006-08-11,0.789,1.374,1.615,1.851,2.091,2.249
2006-08-18,0.796,1.379,1.629,1.857,2.097,2.262
2006-08-25,0.656,1.198,1.458,1.717,1.963,2.134
2006-09-01,0.628,1.122,1.384,1.663,1.939,2.142
2006-09-08,0.689,1.209,1.452,1.716,1.967,2.156
2006-09-15,0.64,1.135,1.379,1.658,1.938,2.14
2006-09-22,0.617,1.094,1.339,1.628,1.915,2.128
2006-09-29,0.635,1.133,1.372,1.671,1.968,2.172
2006-10-06,0.658,1.158,1.394,1.701,2.009,2.215
2006-10-13,0.703,1.235,1.479,1.763,2.052,2.238
2006-10-20,0.783,1.3,1.525,1.798,2.082,2.254
2006-10-27,0.742,1.234,1.466,1.74,2.024,2.194
2006-11-03,0.731,1.206,1.427,1.716,1.998,2.166
2006-11-10,0.755,1.205,1.406,1.702,1.99,2.161
2006-11-17,0.806,1.259,1.448,1.73,2.008,2.188
2006-11-24,0.803,1.219,1.398,1.68,1.951,2.137
2006-12-01,0.79,1.18,1.352,1.627,1.877,2.06
2006-12-08,0.839,1.273,1.448,1.689,1.906,2.085
2006-12-15,0.815,1.244,1.418,1.662,1.902,2.08
2006-12-22,0.75,1.172,1.357,1.598,1.836,2.014
2006-12-29,0.78,1.242,1.451,1.678,1.919,2.067
2007-01-05,0.816,1.284,1.486,1.712,1.946,2.092
2007-01-12,0.812,1.3,1.507,1.738,1.992,2.149
2007-01-19,0.757,1.195,1.403,1.666,1.944,2.117
2007-01-26,0.723,1.182,1.405,1.691,1.958,2.139
2007-02-02,0.74,1.238,1.46,1.728,1.99,2.146
2007-02-09,0.735,1.207,1.42,1.702,1.972,2.138
2007-02-16,0.775,1.241,1.453,1.714,1.987,2.151
2007-02-23,0.839,1.245,1.428,1.684,1.933,2.086
2007-03-02,0.814,1.216,1.406,1.665,1.922,2.087
2007-03-09,0.788,1.169,1.348,1.61,1.877,2.035
2007-03-16,0.775,1.132,1.313,1.584,1.874,2.049
2007-03-23,0.804,1.172,1.352,1.611,1.878,2.047
2007-03-30,0.807,1.189,1.386,1.655,1.92,2.088
2007-04-06,0.799,1.212,1.412,1.671,1.943,2.105
2007-04-13,0.81,1.204,1.398,1.667,1.948,2.117
2007-04-20,0.852,1.259,1.446,1.692,1.962,2.118
2007-04-27,0.847,1.215,1.382,1.631,1.894,2.064
2007-05-04,0.842,1.2,1.373,1.637,1.895,2.069
2007-05-11,0.865,1.242,1.405,1.654,1.919,2.091
2007-05-18,0.875,1.234,1.401,1.649,1.901,2.079
2007-05-25,0.918,1.317,1.503,1.728,1.966,2.136
2007-06-01,0.977,1.387,1.571,1.78,2.0,2.152
2007-06-08,1.037,1.515,1.693,1.883,2.088,2.213
2007-06-15,1.03,1.515,1.734,1.927,2.184,2.317
2007-06-22,1.013,1.496,1.692,1.888,2.142,2.278
2007-06-29,1.01,1.474,1.66,1.866,2.112,2.245
2007-07-06,1.058,1.539,1.726,1.929,2.16,2.305
2007-07-13,1.051,1.533,1.726,1.931,2.175,2.328
2007-07-20,1.033,1.491,1.669,1.883,2.129,2.293
2007-07-27,0.978,1.383,1.546,1.791,2.039,2.194
2007-08-03,0.978,1.359,1.531,1.78,2.041,2.203
2007-08-10,0.944,1.302,1.444,1.722,1.979,2.159
2007-08-17,0.818,1.112,1.234,1.589,1.877,2.088
2007-08-24,0.884,1.181,1.317,1.603,1.896,2.095
2007-08-31,0.87,1.183,1.337,1.616,1.906,2.121
2007-09-07,0.817,1.146,1.294,1.59,1.883,2.092
2007-09-14,0.793,1.102,1.247,1.549,1.876,2.094
2007-09-21,0.843,1.208,1.381,1.679,1.981,2.203
2007-09-28,0.856,1.195,1.361,1.679,1.961,2.18
2007-10-05,0.861,1.237,1.388,1.697,1.984,2.197
2007-10-12,0.873,1.238,1.394,1.704,2.002,2.218
2007-10-19,0.799,1.134,1.289,1.614,1.941,2.172
2007-10-26,0.783,1.121,1.284,1.627,1.959,2.188
2007-11-02,0.772,1.102,1.253,1.597,1.928,2.146
2007-11-09,0.766,1.071,1.195,1.547,1.894,2.112
2007-11-16,0.739,1.044,1.161,1.491,1.84,2.059
2007-11-23,0.73,1.017,1.135,1.445,1.793,2.012
2007-11-30,0.757,1.038,1.164,1.499,1.843,2.062
2007-12-07,0.738,1.091,1.235,1.559,1.906,2.134
2007-12-14,0.734,1.059,1.2,1.541,1.909,2.146
2007-12-21,0.715,1.047,1.2,1.548,1.893,2.131
2007-12-28,0.705,1.009,1.169,1.502,1.849,2.093
2008-01-04,0.685,0.973,1.117,1.47,1.823,2.066
2008-01-11,0.607,0.895,1.046,1.43,1.823,2.084
2008-01-18,0.579,0.863,1.034,1.404,1.799,2.056
2008-01-25,0.564,0.919,1.111,1.487,1.894,2.142
2008-02-01,0.55,0.89,1.064,1.436,1.841,2.078
2008-02-08,0.549,0.894,1.061,1.431,1.848,2.086
2008-02-15,0.581,0.939,1.114,1.462,1.865,2.095
2008-02-22,0.582,0.944,1.114,1.464,1.86,2.096
2008-02-29,0.553,0.847,1.01,1.373,1.78,2.018
2008-03-07,0.509,0.761,0.949,1.351,1.783,2.065
2008-03-14,0.565,0.741,0.846,1.271,1.783,2.088
2008-03-21,0.57,0.776,0.86,1.277,1.749,2.052
2008-03-28,0.572,0.747,0.844,1.278,1.755,2.071
2008-04-04,0.559,0.806,0.916,1.334,1.785,2.081
2008-04-11,0.605,0.853,0.957,1.378,1.832,2.124
2008-04-18,0.646,0.923,1.035,1.4,1.895,2.163
2008-04-25,0.818,1.215,1.346,1.585,2.014,2.245
2008-05-02,0.753,1.161,1.326,1.624,2.032,2.233
2008-05-09,0.724,1.124,1.242,1.575,1.976,2.191
2008-05-16,0.837,1.297,1.447,1.703,2.073,2.257
2008-05-23,0.837,1.316,1.487,1.746,2.143,2.338
2008-05-30,0.9,1.34,1.481,1.758,2.13,2.291
2008-06-06,0.874,1.379,1.495,1.782,2.158,2.344
2008-06-13,1.009,1.531,1.651,1.858,2.214,2.381
2008-06-20,0.881,1.357,1.516,1.759,2.129,2.323
2008-06-27,0.781,1.191,1.34,1.624,1.974,2.206
2008-07-04,0.823,1.241,1.355,1.647,2.013,2.227
2008-07-11,0.773,1.151,1.27,1.606,1.977,2.215
2008-07-18,0.759,1.118,1.215,1.581,1.99,2.232
2008-07-25,0.78,1.153,1.276,1.588,1.986,2.224
2008-08-01,0.751,1.091,1.195,1.528,1.935,2.19
2008-08-08,0.696,1.026,1.099,1.48,1.866,2.124
2008-08-15,0.689,1.037,1.098,1.468,1.864,2.112
2008-08-22,0.691,1.029,1.097,1.457,1.897,2.139
2008-08-29,0.709,0.986,1.027,1.421,1.848,2.088
2008-09-05,0.72,1.044,1.009,1.46,1.849,2.082
2008-09-12,0.738,1.102,1.171,1.522,1.897,2.128
2008-09-19,0.789,1.114,1.26,1.482,1.898,2.138
2008-09-26,0.807,1.094,1.186,1.464,1.888,2.092
2008-10-03,0.726,0.986,1.103,1.45,1.901,2.087
2008-10-10,0.843,1.104,1.171,1.518,1.911,2.004
2008-10-17,0.786,1.151,1.269,1.576,1.973,2.14
2008-10-24,0.717,1.042,1.098,1.496,1.954,2.168
2008-10-31,0.539,0.879,1.041,1.473,1.933,2.12
2008-11-07,0.568,0.939,1.099,1.515,1.979,2.159
2008-11-14,0.549,0.899,1.017,1.5,2.013,2.141
2008-11-21,0.556,0.875,0.925,1.411,1.909,2.09
2008-11-28,0.586,0.88,0.901,1.419,1.943,2.092
2008-12-05,0.564,0.89,0.934,1.367,1.906,2.056
2008-12-12,0.534,0.846,0.877,1.386,1.957,2.111
2008-12-19,0.414,0.757,0.853,1.235,1.737,1.939
2008-12-26,0.403,0.738,0.842,1.213,1.632,1.795
2009-01-02,0.37,0.685,0.802,1.177,1.584,1.74
2009-01-09,0.369,0.744,0.88,1.293,1.714,1.883
2009-01-16,0.364,0.698,0.801,1.232,1.667,1.836
2009-01-23,0.364,0.671,0.782,1.247,1.715,1.896
2009-01-30,0.403,0.746,0.875,1.303,1.742,1.899
2009-02-06,0.41,0.783,0.934,1.345,1.789,1.924
2009-02-13,0.389,0.727,0.83,1.276,1.714,1.865
2009-02-20,0.381,0.723,0.817,1.301,1.778,1.909
2009-02-27,0.392,0.711,0.818,1.295,1.729,1.903
2009-03-06,0.399,0.752,0.914,1.289,1.742,1.889
2009-03-13,0.41,0.761,0.899,1.312,1.727,1.901
2009-03-20,0.396,0.713,0.823,1.263,1.725,1.91
2009-03-27,0.409,0.781,0.947,1.323,1.743,1.923
2009-04-03,0.396,0.821,1.016,1.411,1.849,2.013
2009-04-10,0.454,0.873,1.092,1.446,1.893,2.082
2009-04-17,0.401,0.846,1.076,1.442,1.899,2.092
2009-04-24,0.406,0.842,1.044,1.426,1.873,2.068
2009-05-01,0.371,0.807,1.015,1.398,1.808,2.005
2009-05-08,0.394,0.855,1.088,1.446,1.852,2.045
2009-05-15,0.37,0.822,1.067,1.443,1.879,2.086
2009-05-22,0.352,0.808,1.083,1.448,1.88,2.108
2009-05-29,0.344,0.838,1.141,1.496,1.9,2.14
2009-06-05,0.337,0.813,1.101,1.487,1.91,2.138
2009-06-12,0.374,0.858,1.131,1.509,1.944,2.161
2009-06-19,0.356,0.783,1.05,1.445,1.882,2.109
2009-06-26,0.303,0.726,0.988,1.403,1.832,2.088
2009-07-03,0.255,0.679,0.917,1.329,1.793,2.027
2009-07-10,0.24,0.672,0.884,1.307,1.782,2.019
2009-07-17,0.265,0.677,0.915,1.329,1.817,2.053
2009-07-24,0.271,0.69,0.94,1.383,1.893,2.141
2009-07-31,0.275,0.72,0.974,1.421,1.868,2.137
2009-08-07,0.265,0.737,1.024,1.442,1.893,2.143
2009-08-14,0.265,0.715,0.989,1.392,1.853,2.116
2009-08-21,0.245,0.651,0.871,1.331,1.804,2.093
2009-08-28,0.242,0.638,0.89,1.332,1.804,2.078
2009-09-04,0.231,0.632,0.886,1.319,1.76,2.053
2009-09-11,0.204,0.573,0.845,1.302,1.779,2.059
2009-09-18,0.225,0.621,0.908,1.341,1.803,2.057
2009-09-25,0.211,0.584,0.861,1.316,1.777,2.035
2009-10-02,0.23,0.561,0.805,1.263,1.747,2.028
2009-10-09,0.252,0.614,0.862,1.288,1.762,2.028
2009-10-16,0.24,0.625,0.889,1.333,1.833,2.101
2009-10-23,0.273,0.667,0.955,1.368,1.849,2.111
2009-10-30,0.25,0.684,0.99,1.411,1.869,2.128
2009-11-06,0.267,0.718,1.04,1.45,1.888,2.14
2009-11-13,0.249,0.631,0.912,1.355,1.831,2.1
2009-11-20,0.246,0.608,0.876,1.326,1.796,2.047
2009-11-27,0.225,0.558,0.822,1.277,1.76,2.019
2009-12-04,0.169,0.511,0.815,1.281,1.785,2.058
2009-12-11,0.169,0.502,0.803,1.278,1.776,2.067
2009-12-18,0.159,0.453,0.75,1.23,1.77,2.069
2009-12-25,0.155,0.471,0.784,1.274,1.793,2.092
2010-01-01,0.136,0.469,0.792,1.289,1.795,2.096
2010-01-08,0.164,0.521,0.892,1.359,1.855,2.147
2010-01-15,0.155,0.524,0.856,1.329,1.836,2.12
2010-01-22,0.161,0.522,0.854,1.331,1.834,2.123
2010-01-29,0.155,0.505,0.83,1.33,1.822,2.116
2010-02-05,0.155,0.546,0.891,1.376,1.856,2.147
2010-02-12,0.154,0.537,0.853,1.342,1.839,2.145
2010-02-19,0.155,0.53,0.85,1.351,1.859,2.166
2010-02-26,0.155,0.522,0.814,1.318,1.829,2.137
2010-03-05,0.14,0.495,0.785,1.305,1.825,2.143
2010-03-12,0.14,0.514,0.828,1.341,1.842,2.149
2010-03-19,0.145,0.52,0.857,1.364,1.875,2.166
2010-03-26,0.157,0.545,0.885,1.378,1.862,2.139
2010-04-02,0.163,0.531,0.856,1.36,1.845,2.128
2010-04-09,0.155,0.549,0.89,1.389,1.854,2.119
2010-04-16,0.165,0.52,0.843,1.355,1.822,2.119
2010-04-23,0.16,0.491,0.803,1.329,1.801,2.088
2010-04-30,0.16,0.475,0.776,1.301,1.766,2.052
2010-05-07,0.16,0.473,0.76,1.298,1.764,2.058
2010-05-14,0.16,0.477,0.773,1.316,1.792,2.094
2010-05-21,0.155,0.437,0.719,1.262,1.731,2.019
2010-05-28,0.16,0.458,0.721,1.278,1.749,2.022
2010-06-04,0.145,0.411,0.704,1.262,1.724,2.025
2010-06-11,0.15,0.418,0.697,1.229,1.697,1.993
2010-06-18,0.155,0.396,0.674,1.201,1.676,1.974
2010-06-25,0.15,0.383,0.64,1.15,1.608,1.891
2010-07-02,0.14,0.334,0.589,1.106,1.534,1.789
2010-07-09,0.14,0.377,0.632,1.16,1.632,1.901
2010-07-16,0.14,0.355,0.595,1.095,1.551,1.811
2010-07-23,0.144,0.361,0.596,1.079,1.534,1.793
2010-07-30,0.145,0.361,0.586,1.081,1.512,1.753
2010-08-06,0.14,0.358,0.588,1.072,1.481,1.721
2010-08-13,0.131,0.298,0.536,1.003,1.4,1.634
2010-08-20,0.114,0.269,0.495,0.953,1.357,1.585
2010-08-27,0.129,0.296,0.532,1.029,1.454,1.691
2010-09-03,0.129,0.331,0.603,1.123,1.573,1.841
2010-09-10,0.144,0.376,0.65,1.14,1.609,1.885
2010-09-17,0.125,0.3,0.557,1.066,1.552,1.847
2010-09-24,0.131,0.286,0.495,0.997,1.46,1.746
2010-10-01,0.128,0.254,0.456,0.962,1.438,1.72
2010-10-08,0.119,0.228,0.397,0.87,1.398,1.726
2010-10-15,0.125,0.26,0.417,0.883,1.436,1.765
2010-10-22,0.136,0.29,0.463,0.894,1.457,1.763
2010-10-29,0.137,0.301,0.486,0.937,1.503,1.819
2010-11-05,0.135,0.311,0.5,0.941,1.497,1.825
2010-11-12,0.149,0.352,0.555,1.01,1.565,1.887
2010-11-19,0.156,0.39,0.645,1.071,1.599,1.906
2010-11-26,0.189,0.478,0.772,1.187,1.661,1.942
2010-12-03,0.184,0.45,0.742,1.2,1.728,2.017
2010-12-10,0.219,0.518,0.783,1.195,1.739,2.057
2010-12-17,0.2,0.471,0.765,1.191,1.708,1.987
2010-12-24,0.214,0.483,0.778,1.154,1.626,1.917
2010-12-31,0.167,0.399,0.695,1.127,1.589,1.881
2011-01-07,0.173,0.47,0.78,1.2,1.672,1.961
2011-01-14,0.185,0.492,0.763,1.203,1.716,2.023
2011-01-21,0.186,0.494,0.793,1.217,1.701,1.994
2011-01-28,0.195,0.489,0.777,1.224,1.71,1.981
2011-02-04,0.208,0.563,0.879,1.288,1.754,2.007
2011-02-11,0.238,0.604,0.908,1.312,1.792,2.042
2011-02-18,0.226,0.594,0.895,1.311,1.804,2.057
2011-02-25,0.235,0.564,0.841,1.255,1.731,2.0
2011-03-04,0.229,0.57,0.871,1.291,1.766,2.049
2011-03-11,0.214,0.539,0.805,1.247,1.739,2.025
2011-03-18,0.21,0.483,0.757,1.21,1.731,2.035
2011-03-25,0.2,0.469,0.758,1.221,1.722,2.026
2011-04-01,0.205,0.51,0.822,1.28,1.763,2.057
2011-04-08,0.199,0.554,0.883,1.321,1.807,2.106
2011-04-15,0.205,0.535,0.843,1.289,1.783,2.071
2011-04-22,0.201,0.497,0.78,1.225,1.714,2.005
2011-04-29,0.189,0.479,0.757,1.217,1.717,2.019
2011-05-06,0.179,0.431,0.692,1.158,1.663,1.967
2011-05-13,0.18,0.434,0.685,1.132,1.621,1.905
2011-05-20,0.18,0.443,0.693,1.144,1.643,1.931
2011-05-27,0.18,0.426,0.69,1.135,1.622,1.894
2011-06-03,0.155,0.418,0.677,1.129,1.623,1.901
2011-06-10,0.17,0.414,0.68,1.13,1.644,1.923
2011-06-17,0.17,0.414,0.661,1.119,1.627,1.909
2011-06-24,0.155,0.397,0.654,1.111,1.599,1.878
2011-07-01,0.163,0.43,0.696,1.145,1.624,1.888
2011-07-08,0.16,0.45,0.736,1.178,1.678,1.936
2011-07-15,0.15,0.38,0.636,1.099,1.606,1.878
2011-07-22,0.161,0.398,0.658,1.111,1.61,1.866
2011-07-29,0.155,0.381,0.621,1.095,1.599,1.863
2011-08-05,0.137,0.348,0.578,1.019,1.515,1.775
2011-08-12,0.145,0.355,0.601,1.065,1.588,1.861
2011-08-19,0.14,0.32,0.54,1.01,1.518,1.804
2011-08-26,0.134,0.348,0.591,1.066,1.572,1.855
2011-09-02,0.142,0.364,0.599,1.056,1.56,1.844
2011-09-09,0.138,0.35,0.557,1.001,1.505,1.781
2011-09-16,0.135,0.351,0.564,1.008,1.496,1.752
2011-09-23,0.125,0.346,0.556,0.986,1.444,1.69
2011-09-30,0.137,0.374,0.599,1.032,1.481,1.731
2011-10-07,0.137,0.351,0.555,0.986,1.458,1.709
2011-10-14,0.135,0.381,0.603,1.022,1.483,1.735
2011-10-21,0.146,0.378,0.591,1.014,1.505,1.77
2011-10-28,0.143,0.385,0.613,1.05,1.525,1.78
2011-11-04,0.136,0.357,0.563,1.0,1.479,1.737
2011-11-11,0.125,0.354,0.544,0.979,1.46,1.719
2011-11-18,0.12,0.32,0.526,0.961,1.451,1.718
2011-11-25,0.14,0.371,0.609,1.043,1.53,1.771
2011-12-02,0.13,0.375,0.634,1.063,1.531,1.787
2011-12-09,0.13,0.363,0.586,1.012,1.499,1.755
2011-12-16,0.13,0.345,0.56,0.984,1.48,1.744
2011-12-23,0.13,0.346,0.56,0.982,1.474,1.739
2011-12-30,0.131,0.343,0.56,0.987,1.476,1.74
2012-01-06,0.127,0.34,0.559,0.989,1.482,1.748
2012-01-13,0.129,0.342,0.543,0.955,1.46,1.729
2012-01-20,0.126,0.346,0.569,0.99,1.49,1.754
2012-01-27,0.127,0.338,0.549,0.977,1.47,1.738
2012-02-03,0.128,0.333,0.542,0.962,1.467,1.724
2012-02-10,0.124,0.354,0.577,0.992,1.487,1.75
2012-02-17,0.105,0.309,0.542,0.966,1.466,1.733
2012-02-24,0.104,0.323,0.569,0.992,1.502,1.764
2012-03-02,0.11,0.318,0.57,0.986,1.489,1.764
2012-03-09,0.113,0.299,0.552,0.984,1.495,1.774
2012-03-16,0.11,0.364,0.651,1.046,1.544,1.805
2012-03-23,0.111,0.341,0.623,1.025,1.508,1.775
2012-03-30,0.115,0.323,0.59,0.988,1.476,1.752
2012-04-06,0.113,0.318,0.588,0.992,1.496,1.771
2012-04-13,0.115,0.298,0.538,0.95,1.464,1.731
2012-04-20,0.105,0.29,0.525,0.945,1.458,1.735
2012-04-27,0.109,0.266,0.496,0.902,1.411,1.7
2012-05-04,0.108,0.272,0.509,0.903,1.401,1.683
2012-05-11,0.109,0.254,0.477,0.865,1.374,1.661
2012-05-18,0.1,0.236,0.469,0.847,1.336,1.601
2012-05-25,0.1,0.249,0.511,0.899,1.405,1.684
2012-06-01,0.1,0.218,0.438,0.836,1.334,1.624
2012-06-08,0.1,0.22,0.44,0.849,1.355,1.66
2012-06-15,0.1,0.229,0.448,0.85,1.368,1.668
2012-06-22,0.1,0.217,0.435,0.828,1.338,1.661
2012-06-29,0.1,0.218,0.438,0.839,1.348,1.665
2012-07-06,0.1,0.199,0.413,0.805,1.316,1.635
2012-07-13,0.1,0.186,0.386,0.774,1.28,1.596
2012-07-20,0.1,0.187,0.372,0.752,1.256,1.561
2012-07-27,0.1,0.189,0.382,0.753,1.258,1.562
2012-08-03,0.092,0.177,0.375,0.744,1.25,1.562
2012-08-10,0.091,0.204,0.438,0.809,1.307,1.611
2012-08-17,0.1,0.246,0.471,0.845,1.352,1.641
2012-08-24,0.1,0.222,0.444,0.825,1.354,1.662
2012-08-31,0.097,0.224,0.436,0.817,1.335,1.655
2012-09-07,0.096,0.224,0.444,0.811,1.336,1.655
2012-09-14,0.1,0.205,0.431,0.794,1.334,1.66
2012-09-21,0.1,0.206,0.439,0.8,1.33,1.67
2012-09-28,0.1,0.198,0.405,0.774,1.309,1.648
2012-10-05,0.1,0.199,0.417,0.78,1.316,1.667
2012-10-12,0.1,0.2,0.404,0.769,1.312,1.658
2012-10-19,0.1,0.206,0.432,0.79,1.333,1.68
2012-10-26,0.098,0.193,0.409,0.772,1.31,1.676
2012-11-02,0.097,0.208,0.431,0.789,1.329,1.685
2012-11-09,0.096,0.201,0.391,0.748,1.287,1.661
2012-11-16,0.1,0.186,0.377,0.745,1.302,1.689
2012-11-23,0.1,0.194,0.392,0.758,1.319,1.694
2012-11-30,0.097,0.18,0.364,0.73,1.289,1.681
2012-12-07,0.096,0.165,0.345,0.701,1.262,1.66
2012-12-14,0.1,0.175,0.369,0.729,1.297,1.708
2012-12-21,0.1,0.172,0.391,0.759,1.32,1.709
2012-12-28,0.098,0.187,0.435,0.794,1.361,1.754
2013-01-04,0.097,0.203,0.474,0.835,1.39,1.777
2013-01-11,0.08,0.173,0.43,0.816,1.379,1.782
2013-01-18,0.075,0.155,0.383,0.759,1.337,1.761
2013-01-25,0.079,0.151,0.358,0.733,1.315,1.766
2013-02-01,0.067,0.153,0.406,0.783,1.348,1.771
2013-02-08,0.032,0.143,0.395,0.769,1.346,1.771
2013-02-15,0.045,0.151,0.399,0.761,1.319,1.74
2013-02-22,0.045,0.138,0.376,0.744,1.296,1.736
2013-03-01,0.045,0.124,0.325,0.678,1.174,1.603
2013-03-08,0.04,0.111,0.301,0.647,1.192,1.625
2013-03-15,0.045,0.12,0.289,0.615,1.133,1.606
2013-03-22,0.045,0.12,0.245,0.562,1.069,1.497
2013-03-29,0.057,0.131,0.282,0.564,1.016,1.406
2013-04-05,0.082,0.18,0.379,0.534,0.852,1.17
2013-04-12,0.129,0.256,0.421,0.623,1.09,1.476
2013-04-19,0.125,0.224,0.366,0.584,1.025,1.442
2013-04-26,0.124,0.248,0.37,0.594,1.045,1.483
2013-05-03,0.111,0.217,0.326,0.563,1.025,1.458
2013-05-10,0.113,0.287,0.47,0.7,1.144,1.563
2013-05-17,0.13,0.377,0.578,0.806,1.28,1.652
2013-05-24,0.125,0.377,0.617,0.842,1.312,1.668
2013-05-31,0.139,0.369,0.62,0.865,1.294,1.626
2013-06-07,0.12,0.305,0.548,0.846,1.281,1.632
2013-06-14,0.13,0.33,0.561,0.814,1.293,1.667
2013-06-21,0.134,0.356,0.623,0.872,1.349,1.749
2013-06-28,0.137,0.309,0.578,0.845,1.305,1.696
2013-07-05,0.133,0.32,0.592,0.855,1.319,1.728
2013-07-12,0.125,0.3,0.535,0.818,1.276,1.715
2013-07-19,0.13,0.29,0.514,0.804,1.277,1.716
2013-07-26,0.129,0.29,0.504,0.792,1.29,1.708
2013-08-02,0.119,0.308,0.542,0.811,1.306,1.712
2013-08-09,0.109,0.288,0.482,0.759,1.254,1.681
2013-08-16,0.11,0.286,0.505,0.767,1.279,1.692
2013-08-23,0.111,0.309,0.524,0.774,1.285,1.704
2013-08-30,0.115,0.267,0.467,0.735,1.226,1.652
2013-09-06,0.117,0.299,0.517,0.784,1.277,1.713
2013-09-13,0.119,0.265,0.45,0.722,1.215,1.668
2013-09-20,0.1,0.256,0.428,0.694,1.163,1.607
2013-09-27,0.1,0.236,0.411,0.685,1.149,1.585
2013-10-04,0.097,0.222,0.389,0.657,1.097,1.522
2013-10-11,0.091,0.233,0.393,0.658,1.119,1.532
2013-10-18,0.1,0.213,0.364,0.625,1.071,1.506
2013-10-25,0.102,0.209,0.365,0.621,1.068,1.507
2013-11-01,0.097,0.195,0.342,0.603,1.064,1.526
2013-11-08,0.091,0.201,0.346,0.594,1.041,1.487
2013-11-15,0.095,0.212,0.391,0.639,1.07,1.529
2013-11-22,0.095,0.201,0.384,0.636,1.07,1.53
2013-11-29,0.083,0.185,0.357,0.611,1.047,1.509
2013-12-06,0.086,0.21,0.421,0.667,1.084,1.544
2013-12-13,0.095,0.209,0.417,0.682,1.101,1.574
2013-12-20,0.1,0.21,0.421,0.678,1.083,1.542
2013-12-27,0.098,0.221,0.439,0.708,1.115,1.566
2014-01-03,0.098,0.238,0.471,0.736,1.135,1.584
2014-01-10,0.091,0.214,0.43,0.696,1.089,1.541
2014-01-17,0.09,0.21,0.401,0.674,1.081,1.551
2014-01-24,0.091,0.199,0.367,0.636,1.027,1.476
2014-01-31,0.085,0.198,0.357,0.627,1.03,1.482
2014-02-07,0.076,0.2,0.365,0.622,1.027,1.478
2014-02-14,0.075,0.185,0.34,0.595,1.004,1.464
2014-02-21,0.08,0.187,0.34,0.608,1.021,1.49
2014-02-28,0.073,0.182,0.333,0.594,0.987,1.465
2014-03-07,0.072,0.189,0.341,0.617,1.025,1.484
2014-03-14,0.08,0.195,0.344,0.619,1.032,1.504
2014-03-21,0.075,0.186,0.32,0.595,1.003,1.469
2014-03-28,0.088,0.197,0.348,0.626,1.03,1.493
2014-04-04,0.082,0.198,0.376,0.642,1.041,1.494
2014-04-11,0.081,0.188,0.337,0.605,1.029,1.491
2014-04-18,0.09,0.189,0.339,0.602,1.019,1.47
2014-04-25,0.088,0.196,0.359,0.628,1.041,1.489
2014-05-02,0.085,0.19,0.341,0.614,1.027,1.481
2014-05-09,0.081,0.191,0.339,0.611,1.034,1.479
2014-05-16,0.085,0.188,0.332,0.593,1.021,1.475
2014-05-23,0.085,0.189,0.336,0.6,1.022,1.462
2014-05-30,0.088,0.179,0.318,0.589,1.012,1.456
2014-06-06,0.086,0.178,0.32,0.592,1.019,1.465
2014-06-13,0.081,0.185,0.323,0.599,1.037,1.467
2014-06-20,0.085,0.172,0.304,0.576,1.018,1.46
2014-06-27,0.075,0.162,0.276,0.558,0.974,1.421
2014-07-04,0.072,0.163,0.297,0.565,0.99,1.436
2014-07-11,0.061,0.15,0.265,0.536,0.968,1.419
2014-07-18,0.065,0.154,0.279,0.543,0.977,1.411
2014-07-25,0.07,0.149,0.278,0.536,0.971,1.4
2014-08-01,0.067,0.149,0.274,0.543,0.969,1.411
2014-08-08,0.066,0.15,0.26,0.519,0.942,1.385
2014-08-15,0.07,0.15,0.257,0.516,0.942,1.386
2014-08-22,0.081,0.162,0.275,0.522,0.95,1.377
2014-08-29,0.073,0.162,0.262,0.508,0.93,1.35
2014-09-05,0.076,0.167,0.279,0.531,0.953,1.371
2014-09-12,0.075,0.181,0.301,0.567,0.995,1.415
2014-09-19,0.07,0.176,0.298,0.554,0.987,1.409
2014-09-26,0.064,0.166,0.264,0.517,0.928,1.352
2014-10-03,0.06,0.147,0.261,0.519,0.935,1.362
2014-10-10,0.049,0.149,0.248,0.502,0.921,1.35
2014-10-17,0.015,0.129,0.222,0.472,0.892,1.324
2014-10-24,0.019,0.115,0.215,0.473,0.899,1.321
2014-10-31,0.03,0.13,0.221,0.466,0.874,1.289
2014-11-07,0.03,0.131,0.237,0.482,0.874,1.271
2014-11-14,0.02,0.141,0.254,0.486,0.877,1.272
2014-11-21,0.009,0.118,0.233,0.471,0.858,1.259
2014-11-28,0.01,0.105,0.195,0.431,0.813,1.211
2014-12-05,-0.003,0.076,0.156,0.417,0.81,1.213
2014-12-12,0.005,0.081,0.143,0.395,0.78,1.19
2014-12-19,-0.035,0.032,0.114,0.353,0.714,1.118
2014-12-26,-0.028,0.042,0.105,0.329,0.689,1.077
2015-01-02,-0.028,0.026,0.097,0.325,0.674,1.065
2015-01-09,-0.029,0.012,0.066,0.279,0.606,0.97
2015-01-16,-0.025,0.018,0.048,0.241,0.575,0.929
2015-01-23,-0.015,0.018,0.054,0.244,0.647,1.068
2015-01-30,0.01,0.046,0.081,0.288,0.656,1.054
2015-02-06,0.035,0.085,0.143,0.343,0.715,1.106
2015-02-13,0.04,0.138,0.201,0.423,0.827,1.244
2015-02-20,0.034,0.112,0.168,0.393,0.813,1.217
2015-02-27,0.015,0.071,0.115,0.349,0.755,1.166
2015-03-06,0.007,0.089,0.141,0.376,0.777,1.18
2015-03-13,0.016,0.13,0.175,0.408,0.827,1.231
2015-03-20,0.01,0.076,0.104,0.322,0.708,1.104
2015-03-27,0.035,0.121,0.152,0.373,0.756,1.142
2015-04-03,0.015,0.097,0.137,0.354,0.736,1.129
2015-04-10,0.006,0.097,0.129,0.341,0.733,1.126
2015-04-17,0.005,0.073,0.105,0.307,0.678,1.062
2015-04-24,-0.016,0.053,0.087,0.294,0.674,1.068
2015-05-01,0.002,0.096,0.162,0.37,0.751,1.134
2015-05-08,0.006,0.109,0.213,0.421,0.807,1.191
2015-05-15,-0.01,0.102,0.184,0.402,0.781,1.173
2015-05-22,-0.006,0.113,0.2,0.423,0.815,1.217
2015-05-29,-0.008,0.095,0.16,0.406,0.791,1.199
2015-06-05,-0.005,0.119,0.222,0.475,0.879,1.274
2015-06-12,-0.004,0.128,0.264,0.497,0.882,1.267
2015-06-19,0.005,0.106,0.185,0.415,0.79,1.188
2015-06-26,-0.002,0.121,0.232,0.47,0.842,1.229
2015-07-03,0.01,0.118,0.249,0.482,0.853,1.239
2015-07-10,0.005,0.101,0.191,0.434,0.819,1.208
2015-07-17,0.005,0.108,0.186,0.426,0.805,1.208
2015-07-24,0.004,0.103,0.176,0.412,0.783,1.178
2015-07-31,0.005,0.096,0.174,0.414,0.787,1.175
2015-08-07,0.005,0.097,0.184,0.425,0.803,1.2
2015-08-14,0.0,0.081,0.154,0.388,0.774,1.173
2015-08-21,0.004,0.073,0.133,0.364,0.744,1.143
2015-08-28,0.008,0.078,0.155,0.396,0.774,1.167
2015-09-04,0.012,0.072,0.13,0.362,0.741,1.147
2015-09-11,0.01,0.056,0.101,0.344,0.737,1.148
2015-09-18,0.014,0.056,0.092,0.331,0.708,1.117
2015-09-25,0.009,0.052,0.086,0.323,0.699,1.105
2015-10-02,0.002,0.046,0.09,0.319,0.696,1.097
2015-10-09,0.005,0.062,0.102,0.326,0.692,1.094
2015-10-16,0.01,0.057,0.1,0.323,0.688,1.09
2015-10-23,0.009,0.049,0.087,0.309,0.684,1.082
2015-10-30,0.002,0.039,0.082,0.306,0.68,1.08
2015-11-06,0.0,0.043,0.1,0.327,0.702,1.1
2015-11-13,-0.005,0.039,0.091,0.314,0.693,1.095
2015-11-20,-0.026,0.039,0.102,0.325,0.7,1.099
2015-11-27,-0.008,0.04,0.09,0.316,0.685,1.081
2015-12-04,-0.025,0.045,0.105,0.323,0.691,1.092
2015-12-11,-0.03,0.046,0.091,0.308,0.666,1.063
2015-12-18,-0.05,0.036,0.061,0.265,0.61,0.995
2015-12-25,-0.039,0.042,0.073,0.277,0.616,1.01
2016-01-01,-0.033,0.032,0.064,0.267,0.603,0.997
2016-01-08,-0.031,0.016,0.039,0.23,0.557,0.939
2016-01-15,-0.03,0.017,0.028,0.221,0.564,0.956
2016-01-22,-0.021,0.017,0.034,0.237,0.557,0.932
2016-01-29,-0.083,-0.071,-0.055,0.104,0.436,0.833
2016-02-05,-0.193,-0.186,-0.151,0.036,0.37,0.785
2016-02-12,-0.164,-0.147,-0.12,0.086,0.42,0.824
2016-02-19,-0.212,-0.169,-0.155,0.016,0.341,0.738
2016-02-26,-0.236,-0.218,-0.211,-0.055,0.216,0.58
2016-03-04,-0.203,-0.184,-0.185,-0.042,0.184,0.467
2016-03-11,-0.163,-0.149,-0.152,-0.016,0.257,0.557
2016-03-18,-0.22,-0.22,-0.22,-0.101,0.095,0.347
2016-03-25,-0.224,-0.237,-0.241,-0.1,0.12,0.391
2016-04-01,-0.214,-0.214,-0.203,-0.065,0.13,0.373
2016-04-08,-0.241,-0.232,-0.214,-0.083,0.099,0.329
2016-04-15,-0.254,-0.231,-0.239,-0.113,0.077,0.311
2016-04-22,-0.28,-0.272,-0.258,-0.123,0.078,0.297
2016-04-29,-0.244,-0.206,-0.193,-0.082,0.087,0.297
2016-05-06,-0.247,-0.238,-0.234,-0.117,0.036,0.234
2016-05-13,-0.253,-0.235,-0.235,-0.11,0.06,0.276
2016-05-20,-0.236,-0.225,-0.223,-0.102,0.064,0.269
2016-05-27,-0.24,-0.236,-0.243,-0.113,0.048,0.249
2016-06-03,-0.24,-0.231,-0.238,-0.108,0.054,0.254
2016-06-10,-0.271,-0.269,-0.279,-0.158,0.005,0.195
2016-06-17,-0.255,-0.249,-0.263,-0.157,0.0,0.174
2016-06-24,-0.289,-0.29,-0.31,-0.201,-0.055,0.112
2016-07-01,-0.329,-0.361,-0.367,-0.262,-0.123,0.043
2016-07-08,-0.354,-0.374,-0.396,-0.293,-0.15,0.043
2016-07-15,-0.333,-0.317,-0.34,-0.234,-0.064,0.134
2016-07-22,-0.333,-0.338,-0.35,-0.229,-0.035,0.179
2016-07-29,-0.251,-0.261,-0.292,-0.178,-0.002,0.184
2016-08-05,-0.193,-0.19,-0.204,-0.096,0.071,0.285
2016-08-12,-0.197,-0.185,-0.207,-0.106,0.045,0.25
2016-08-19,-0.206,-0.184,-0.191,-0.084,0.073,0.269
2016-08-26,-0.178,-0.174,-0.19,-0.068,0.08,0.274
2016-09-02,-0.187,-0.156,-0.154,-0.027,0.163,0.396
2016-09-09,-0.204,-0.16,-0.159,-0.02,0.197,0.431
2016-09-16,-0.269,-0.206,-0.185,-0.04,0.187,0.452
2016-09-23,-0.222,-0.189,-0.19,-0.054,0.133,0.375
2016-09-30,-0.289,-0.249,-0.241,-0.084,0.118,0.361
2016-10-07,-0.28,-0.221,-0.208,-0.068,0.141,0.391
2016-10-14,-0.273,-0.21,-0.193,-0.056,0.141,0.387
2016-10-21,-0.256,-0.205,-0.188,-0.056,0.12,0.387
2016-10-28,-0.248,-0.189,-0.172,-0.045,0.138,0.394
2016-11-04,-0.264,-0.209,-0.192,-0.059,0.115,0.369
2016-11-11,-0.248,-0.174,-0.143,-0.027,0.149,0.405
2016-11-18,-0.166,-0.09,-0.041,0.044,0.238,0.483
2016-11-25,-0.142,-0.081,-0.049,0.039,0.234,0.483
2016-12-02,-0.179,-0.1,-0.053,0.034,0.234,0.485
2016-12-09,-0.189,-0.086,-0.057,0.05,0.295,0.567
2016-12-16,-0.18,-0.063,-0.005,0.076,0.306,0.571
2016-12-23,-0.181,-0.09,-0.029,0.051,0.29,0.567
2016-12-30,-0.187,-0.114,-0.063,0.043,0.272,0.573
2017-01-06,-0.213,-0.125,-0.052,0.053,0.299,0.592
2017-01-13,-0.224,-0.132,-0.056,0.049,0.306,0.593
2017-01-20,-0.235,-0.126,-0.048,0.065,0.339,0.633
2017-01-27,-0.2,-0.101,-0.026,0.08,0.351,0.653
2017-02-03,-0.231,-0.096,-0.002,0.102,0.385,0.686
2017-02-10,-0.214,-0.088,-0.013,0.086,0.366,0.667
2017-02-17,-0.244,-0.097,-0.011,0.093,0.392,0.705
2017-02-24,-0.265,-0.131,-0.049,0.067,0.362,0.65
2017-03-03,-0.291,-0.149,-0.068,0.068,0.358,0.661
2017-03-10,-0.264,-0.119,-0.045,0.085,0.386,0.681
2017-03-17,-0.265,-0.135,-0.055,0.071,0.355,0.653
2017-03-24,-0.264,-0.155,-0.075,0.061,0.343,0.644
2017-03-31,-0.204,-0.124,-0.058,0.067,0.341,0.635
2017-04-07,-0.219,-0.152,-0.087,0.048,0.32,0.621
2017-04-14,-0.224,-0.165,-0.123,0.013,0.284,0.569
2017-04-21,-0.222,-0.173,-0.122,0.014,0.285,0.555
2017-04-28,-0.207,-0.162,-0.115,0.016,0.278,0.562
2017-05-05,-0.202,-0.156,-0.107,0.022,0.284,0.572
2017-05-12,-0.178,-0.12,-0.078,0.046,0.326,0.612
2017-05-19,-0.161,-0.121,-0.069,0.043,0.295,0.569
2017-05-26,-0.168,-0.123,-0.079,0.044,0.291,0.566
2017-06-02,-0.155,-0.108,-0.076,0.047,0.302,0.581
2017-06-09,-0.108,-0.08,-0.066,0.05,0.298,0.576
2017-06-16,-0.12,-0.08,-0.048,0.05,0.289,0.562
2017-06-23,-0.103,-0.08,-0.051,0.051,0.285,0.563
2017-06-30,-0.115,-0.068,-0.018,0.086,0.323,0.592
2017-07-07,-0.102,-0.042,0.007,0.088,0.344,0.616
2017-07-14,-0.109,-0.049,-0.008,0.078,0.324,0.599
2017-07-21,-0.116,-0.063,-0.019,0.068,0.31,0.591
2017-07-28,-0.117,-0.064,-0.016,0.074,0.312,0.588
2017-08-04,-0.113,-0.062,-0.02,0.065,0.302,0.578
2017-08-11,-0.114,-0.066,-0.032,0.06,0.295,0.569
2017-08-18,-0.131,-0.096,-0.058,0.043,0.288,0.571
2017-08-25,-0.157,-0.131,-0.093,0.018,0.268,0.552
2017-09-01,-0.165,-0.146,-0.107,0.005,0.253,0.544
2017-09-08,-0.162,-0.155,-0.128,-0.012,0.244,0.535
2017-09-15,-0.15,-0.125,-0.092,0.015,0.277,0.547
2017-09-22,-0.137,-0.116,-0.08,0.021,0.268,0.543
2017-09-29,-0.12,-0.078,-0.035,0.062,0.307,0.578
2017-10-06,-0.14,-0.099,-0.045,0.053,0.308,0.593
2017-10-13,-0.144,-0.089,-0.039,0.063,0.32,0.594
2017-10-20,-0.136,-0.084,-0.028,0.074,0.327,0.604
2017-10-27,-0.149,-0.091,-0.032,0.07,0.323,0.601
2017-11-03,-0.163,-0.097,-0.043,0.055,0.313,0.592
2017-11-10,-0.179,-0.113,-0.069,0.042,0.304,0.578
2017-11-17,-0.195,-0.121,-0.08,0.038,0.311,0.58
2017-11-24,-0.188,-0.132,-0.086,0.035,0.296,0.576
2017-12-01,-0.16,-0.119,-0.086,0.04,0.299,0.581
2017-12-08,-0.153,-0.113,-0.076,0.044,0.3,0.575
2017-12-15,-0.155,-0.115,-0.071,0.04,0.295,0.567
2017-12-22,-0.147,-0.108,-0.06,0.046,0.296,0.568
2017-12-29,-0.14,-0.104,-0.06,0.047,0.297,0.568
2018-01-05,-0.138,-0.099,-0.053,0.057,0.309,0.577
2018-01-12,-0.134,-0.083,-0.033,0.073,0.325,0.589
2018-01-19,-0.136,-0.083,-0.021,0.079,0.327,0.594
2018-01-26,-0.132,-0.085,-0.022,0.074,0.322,0.582
2018-02-02,-0.131,-0.078,-0.009,0.085,0.329,0.592
2018-02-09,-0.149,-0.086,-0.027,0.071,0.325,0.586
2018-02-16,-0.16,-0.102,-0.047,0.062,0.304,0.568
2018-02-23,-0.153,-0.107,-0.056,0.053,0.3,0.554
2018-03-02,-0.155,-0.099,-0.038,0.063,0.307,0.565
2018-03-09,-0.157,-0.115,-0.06,0.044,0.281,0.547
2018-03-16,-0.15,-0.115,-0.071,0.031,0.266,0.533
2018-03-23,-0.157,-0.125,-0.086,0.016,0.256,0.515
2018-03-30,-0.137,-0.108,-0.063,0.043,0.268,0.525
2018-04-06,-0.143,-0.115,-0.063,0.038,0.274,0.522
2018-04-13,-0.159,-0.113,-0.064,0.033,0.259,0.504
2018-04-20,-0.131,-0.093,-0.033,0.059,0.296,0.533
2018-04-27,-0.137,-0.102,-0.038,0.055,0.287,0.533
2018-05-04,-0.138,-0.109,-0.053,0.045,0.272,0.52
2018-05-11,-0.138,-0.108,-0.053,0.047,0.278,0.525
2018-05-18,-0.135,-0.101,-0.039,0.062,0.296,0.545
2018-05-25,-0.143,-0.116,-0.055,0.043,0.275,0.522
2018-06-01,-0.145,-0.108,-0.051,0.05,0.276,0.517
2018-06-08,-0.127,-0.096,-0.045,0.051,0.278,0.518
2018-06-15,-0.138,-0.108,-0.056,0.041,0.268,0.509
2018-06-22,-0.136,-0.114,-0.065,0.039,0.268,0.504
2018-06-29,-0.129,-0.112,-0.064,0.04,0.269,0.505
2018-07-06,-0.132,-0.116,-0.068,0.027,0.258,0.486
2018-07-13,-0.133,-0.109,-0.064,0.038,0.264,0.488
2018-07-20,-0.127,-0.107,-0.065,0.034,0.255,0.479
2018-07-27,-0.118,-0.091,-0.033,0.101,0.347,0.586
2018-08-03,-0.11,-0.074,0.005,0.11,0.368,0.618
2018-08-10,-0.117,-0.075,-0.002,0.105,0.358,0.609
2018-08-17,-0.129,-0.085,-0.017,0.099,0.363,0.615
2018-08-24,-0.116,-0.076,-0.016,0.106,0.359,0.61
2018-08-31,-0.119,-0.073,-0.007,0.11,0.37,0.62
2018-09-07,-0.112,-0.07,-0.006,0.116,0.371,0.613
2018-09-14,-0.113,-0.064,-0.006,0.117,0.367,0.615
2018-09-21,-0.104,-0.053,0.011,0.14,0.401,0.646
2018-09-28,-0.114,-0.065,0.012,0.134,0.402,0.656
2018-10-05,-0.121,-0.058,0.018,0.148,0.422,0.675
2018-10-12,-0.117,-0.056,0.013,0.149,0.42,0.673
2018-10-19,-0.119,-0.055,0.008,0.15,0.424,0.684
2018-10-26,-0.124,-0.082,-0.028,0.115,0.38,0.638
2018-11-02,-0.13,-0.077,-0.019,0.132,0.402,0.662
2018-11-09,-0.137,-0.082,-0.024,0.129,0.403,0.669
2018-11-16,-0.144,-0.09,-0.042,0.11,0.378,0.641
2018-11-23,-0.142,-0.1,-0.052,0.102,0.362,0.617
2018-11-30,-0.135,-0.102,-0.058,0.097,0.349,0.6
2018-12-07,-0.141,-0.124,-0.096,0.068,0.342,0.594
2018-12-14,-0.153,-0.132,-0.117,0.043,0.317,0.564
2018-12-21,-0.143,-0.124,-0.118,0.053,0.324,0.55
2018-12-28,-0.139,-0.152,-0.145,0.013,0.269,0.507
2019-01-04,-0.176,-0.188,-0.18,-0.023,0.226,0.463
2019-01-11,-0.153,-0.15,-0.15,0.014,0.269,0.488
2019-01-18,-0.17,-0.159,-0.15,0.01,0.261,0.486
2019-01-25,-0.168,-0.164,-0.157,-0.001,0.243,0.46
2019-02-01,-0.179,-0.179,-0.176,-0.019,0.207,0.417
2019-02-08,-0.166,-0.169,-0.172,-0.024,0.204,0.413
2019-02-15,-0.169,-0.17,-0.171,-0.016,0.208,0.42
2019-02-22,-0.178,-0.182,-0.176,-0.037,0.197,0.406
2019-03-01,-0.15,-0.154,-0.151,-0.004,0.23,0.439
2019-03-08,-0.147,-0.154,-0.166,-0.028,0.203,0.405
2019-03-15,-0.165,-0.171,-0.171,-0.028,0.201,0.407
2019-03-22,-0.178,-0.188,-0.197,-0.061,0.164,0.363
2019-03-29,-0.183,-0.202,-0.213,-0.082,0.143,0.344
2019-04-05,-0.156,-0.158,-0.16,-0.032,0.192,0.385
2019-04-12,-0.169,-0.174,-0.171,-0.051,0.166,0.365
2019-04-19,-0.151,-0.155,-0.144,-0.026,0.192,0.393
2019-04-26,-0.153,-0.17,-0.164,-0.045,0.173,0.374
2019-05-10,-0.158,-0.17,-0.163,-0.044,0.169,0.37
2019-05-17,-0.164,-0.169,-0.161,-0.053,0.165,0.356
2019-05-24,-0.155,-0.174,-0.172,-0.068,0.144,0.336
2019-05-31,-0.179,-0.201,-0.201,-0.092,0.113,0.298
2019-06-07,-0.197,-0.229,-0.222,-0.112,0.097,0.268
2019-06-14,-0.206,-0.235,-0.232,-0.122,0.081,0.248
2019-06-21,-0.239,-0.277,-0.268,-0.162,0.032,0.203
2019-06-28,-0.222,-0.262,-0.262,-0.156,0.061,0.229
2019-07-05,-0.211,-0.26,-0.267,-0.17,0.035,0.205
2019-07-12,-0.184,-0.21,-0.216,-0.118,0.084,0.256
2019-07-19,-0.203,-0.236,-0.235,-0.138,0.064,0.234
2019-07-26,-0.212,-0.241,-0.252,-0.153,0.043,0.214
2019-08-02,-0.209,-0.247,-0.257,-0.157,0.038,0.204
